transaction_id,customer_id,timestamp,amount,transaction_type,merchant_category,location,account_age_days,customer_avg_amount,customer_transaction_count
TX00091,C0435,2026-01-01 01:46:00,3060.56,BANK_TRANSFER,Pharmacy,Delhi,210,2267.54,13
TX00836,C0419,2026-01-01 01:59:00,571.85,BANK_TRANSFER,Grocery,Pune,3613,1466.87,5
TX01440,C0328,2026-01-01 04:16:00,2693.93,CARD,Pharmacy,Hyderabad,2423,10347.89,9
TX00957,C0261,2026-01-01 06:40:00,708.86,UPI,Pharmacy,Bengaluru,3326,1835.09,8
TX02345,C0065,2026-01-01 11:19:00,2588.91,ATM,Electronics,Jaipur,271,1912.83,5
TX01032,C0313,2026-01-01 11:55:00,663.77,BANK_TRANSFER,Pharmacy,Bengaluru,1693,1185.52,7
TX00156,C0427,2026-01-01 14:44:00,1534.98,BANK_TRANSFER,Grocery,Dehradun,2595,925.21,8
TX00116,C0222,2026-01-01 15:28:00,2639.69,BANK_TRANSFER,Online Shopping,Dehradun,1002,979.34,6
TX02778,C0477,2026-01-01 16:08:00,699.08,CARD,Restaurant,Dehradun,1871,2005.42,8
TX01460,C0108,2026-01-01 17:07:00,1560.36,UPI,Utilities,Mumbai,367,968.62,7
TX00263,C0484,2026-01-01 17:34:00,1229.68,ATM,Online Shopping,Mumbai,65,1039.11,2
TX01713,C0426,2026-01-01 17:49:00,975.17,ATM,Restaurant,Chandigarh,3474,1054.76,4
TX01829,C0027,2026-01-01 17:50:00,1132.35,UPI,Grocery,Mumbai,1245,1889.01,6
TX01537,C0293,2026-01-01 19:11:00,353.74,ATM,Electronics,Mumbai,3427,1099.67,13
TX01904,C0444,2026-01-01 19:42:00,310.84,UPI,Restaurant,Jaipur,3005,1403.58,8
TX02317,C0077,2026-01-01 19:43:00,450.28,ATM,Travel,Chandigarh,2586,1233.34,5
TX01486,C0108,2026-01-20 13:07:00,1604.42,UPI,Utilities,Pune,367,968.62,7
TX00451,C0289,2026-01-01 21:14:00,378.2,ATM,Grocery,Pune,638,1001.91,11
TX01557,C0198,2026-01-01 22:08:00,311.04,BANK_TRANSFER,Grocery,Chandigarh,2759,732.62,6
TX02738,C0253,2026-01-02 00:30:00,1033.23,CARD,Online Shopping,Bengaluru,728,10045.62,6
TX00317,C0301,2026-01-02 02:00:00,4145.73,BANK_TRANSFER,Restaurant,Dehradun,2480,1291.26,8
TX02367,C0330,2026-01-02 03:04:00,4220.3,CARD,Electronics,Dehradun,1046,1364.96,9
TX01071,C0182,2026-01-02 03:15:00,1616.39,BANK_TRANSFER,Pharmacy,Hyderabad,1787,1589.53,4
TX00047,C0145,2026-01-02 04:16:00,2518.29,ATM,Restaurant,Pune,809,1571.04,11
TX00682,C0239,2026-01-02 07:10:00,3906.0,BANK_TRANSFER,Grocery,Delhi,3334,1895.07,10
TX02788,C0151,2026-01-02 07:54:00,2630.39,CARD,Utilities,Dehradun,1781,1515.67,7
TX02491,C0170,2026-01-02 09:38:00,22533.94,UPI,Online Shopping,Pune,236,4991.01,7
TX00950,C0365,2026-01-02 11:13:00,2159.93,CARD,Utilities,Mumbai,1914,2345.72,10
TX00830,C0273,2026-01-02 11:38:00,517.05,CARD,Utilities,Bengaluru,865,952.51,7
TX00433,C0035,2026-05-26 17:07:00,1927.4,CARD,Travel,Hyderabad,777,1287.79,5
TX02563,C0042,2026-01-02 14:26:00,1129.01,CARD,Online Shopping,Pune,2777,1178.43,11
TX02360,C0102,2026-01-02 14:36:00,12425.37,UPI,Electronics,Hyderabad,485,3389.17,7
TX02379,C0117,2026-01-02 14:48:00,1281.89,CARD,Grocery,Chandigarh,3142,846.39,11
TX00251,C0052,2026-01-02 15:00:00,4807.7,CARD,Travel,Chandigarh,2909,1775.83,4
TX01021,C0267,2026-01-02 15:03:00,42358.9,BANK_TRANSFER,Travel,Dehradun,1737,6714.52,8
TX02682,C0449,2026-01-02 23:43:00,663.82,ATM,Online Shopping,Dehradun,157,1648.9,5
TX02323,C0381,2026-01-03 00:00:00,1060.75,CARD,Electronics,Bengaluru,1949,1054.04,8
TX00659,C0303,2026-01-03 00:08:00,672.76,BANK_TRANSFER,Electronics,Jaipur,2016,1221.65,13
TX01167,C0255,2026-01-03 00:33:00,2632.62,ATM,Restaurant,Bengaluru,31,2259.67,2
TX01336,C0098,2026-01-03 01:07:00,406.53,CARD,Travel,Bengaluru,1025,1626.66,8
TX00242,C0233,2026-01-03 02:41:00,245.38,CARD,Pharmacy,Dehradun,713,2452.85,8
TX00897,C0153,2026-01-03 02:49:00,2524.35,BANK_TRANSFER,Restaurant,Hyderabad,2176,1566.98,7
TX01230,C0222,2026-01-03 03:39:00,1139.31,BANK_TRANSFER,Electronics,Delhi,1002,979.34,6
TX01882,C0448,2026-01-03 06:47:00,1464.01,CARD,Online Shopping,Mumbai,3424,1707.44,3
TX02614,C0264,2026-01-03 07:12:00,747.02,CARD,Online Shopping,Dehradun,1691,1643.44,12
TX01418,C0489,2026-01-03 07:28:00,2345.18,ATM,Travel,Dehradun,429,1812.52,4
TX02524,C0465,2026-01-03 11:20:00,798.45,UPI,Electronics,Dehradun,1439,1756.04,4
TX01944,C0080,2026-01-03 12:30:00,378.96,BANK_TRANSFER,Pharmacy,Pune,2283,986.35,5
TX01686,C0168,2026-01-03 16:51:00,1075.17,UPI,Grocery,Delhi,2872,936.62,5
TX01513,C0185,2026-01-03 17:54:00,797.54,CARD,Online Shopping,Dehradun,2308,2062.03,3
TX02562,C0102,2026-01-03 18:22:00,99.7,CARD,Pharmacy,Chandigarh,485,3389.17,7
TX02871,C0474,2026-01-03 18:58:00,1946.77,ATM,Electronics,Jaipur,2836,1663.72,8
TX02424,C0496,2026-01-03 23:35:00,1934.09,BANK_TRANSFER,Pharmacy,Jaipur,3455,1283.51,6
TX01609,C0145,2026-01-04 00:41:00,2048.95,BANK_TRANSFER,Grocery,Delhi,809,1571.04,11
TX02688,C0154,2026-01-04 00:42:00,605.74,UPI,Pharmacy,Hyderabad,2761,1193.2,11
TX02754,C0390,2026-01-04 03:23:00,1812.69,BANK_TRANSFER,Online Shopping,Delhi,984,11997.86,7
TX01492,C0034,2026-01-04 04:38:00,418.26,BANK_TRANSFER,Grocery,Jaipur,2330,1864.9,7
TX00036,C0355,2026-01-04 07:57:00,917.95,UPI,Travel,Pune,1473,1643.86,6
TX02893,C0196,2026-01-04 08:55:00,2876.11,UPI,Online Shopping,Dehradun,1849,2056.8,7
TX00233,C0217,2026-01-04 11:21:00,1022.87,CARD,Online Shopping,Bengaluru,1438,1409.34,8
TX00379,C0441,2026-01-04 13:27:00,2050.28,CARD,Pharmacy,Mumbai,220,1155.62,7
TX01721,C0082,2026-01-04 13:31:00,1132.96,UPI,Online Shopping,Mumbai,1985,1235.6,8
TX00625,C0133,2026-01-04 14:20:00,3804.76,ATM,Pharmacy,Hyderabad,448,1738.44,11
TX02381,C0154,2026-01-04 16:17:00,205.85,ATM,Electronics,Delhi,2761,1193.2,11
TX00401,C0358,2026-01-04 16:18:00,664.2,BANK_TRANSFER,Restaurant,Pune,283,3830.55,3
TX00522,C0054,2026-03-24 01:15:00,2549.53,BANK_TRANSFER,Pharmacy,Pune,3232,1051.87,5
TX02022,C0466,2026-01-04 17:54:00,226.02,CARD,Online Shopping,Bengaluru,814,1073.19,10
TX02400,C0427,2026-01-04 23:27:00,404.9,CARD,Pharmacy,Dehradun,2595,925.21,8
TX02974,C0211,2026-01-05 01:07:00,3108.35,ATM,Online Shopping,Pune,2068,2911.14,3
TX00231,C0084,2026-01-05 03:45:00,2260.6,UPI,Pharmacy,Chandigarh,3489,1242.41,10
TX02085,C0435,2026-01-05 04:00:00,2191.87,CARD,Online Shopping,Chandigarh,210,2267.54,13
TX02488,C0378,2026-01-05 04:46:00,1234.68,UPI,Pharmacy,Hyderabad,1330,1468.4,5
TX02757,C0117,2026-01-05 07:27:00,1324.06,ATM,Utilities,Delhi,3142,846.39,11
TX00912,C0391,2026-01-05 08:08:00,924.94,BANK_TRANSFER,Electronics,Mumbai,499,2513.78,7
TX02937,C0433,2026-01-05 08:17:00,292.24,ATM,Utilities,Bengaluru,2574,2868.03,3
TX02793,C0467,2026-01-05 11:28:00,997.02,CARD,Utilities,Dehradun,3205,1233.2,6
TX00056,C0474,2026-01-05 11:49:00,980.59,ATM,Grocery,Pune,2836,1663.72,8
TX00061,C0393,2026-01-05 11:59:00,1097.56,BANK_TRANSFER,Travel,Jaipur,1075,1361.5,7
TX02090,C0117,2026-01-05 20:05:00,633.8,CARD,Travel,Delhi,3142,846.39,11
TX01736,C0017,2026-01-05 22:57:00,1900.02,CARD,Grocery,Delhi,2949,1497.47,8
TX02597,C0300,2026-01-05 23:22:00,2902.3,CARD,Electronics,Dehradun,1985,4168.31,6
TX01316,C0310,2026-01-06 02:47:00,744.06,ATM,Utilities,Chandigarh,518,1491.13,8
TX00229,C0369,2026-01-06 04:11:00,6309.38,CARD,Grocery,Mumbai,367,2083.23,7
TX00507,C0034,2026-01-06 04:15:00,1675.51,UPI,Utilities,Pune,2330,1864.9,7
TX00048,C0120,2026-01-06 05:24:00,1560.16,BANK_TRANSFER,Pharmacy,Bengaluru,94,907.98,7
TX02683,C0331,2026-01-06 07:08:00,2098.48,ATM,Online Shopping,Delhi,910,892.28,4
TX02043,C0300,2026-01-06 09:12:00,376.4,CARD,Pharmacy,Chandigarh,1985,4168.31,6
TX02714,C0462,2026-01-06 10:02:00,482.21,UPI,Electronics,Delhi,3039,1988.46,6
TX01517,C0239,2026-01-06 10:15:00,509.26,UPI,Utilities,Mumbai,3334,1895.07,10
TX02908,C0042,2026-01-06 11:15:00,1096.33,BANK_TRANSFER,Grocery,Bengaluru,2777,1178.43,11
TX00988,C0218,2026-01-06 11:21:00,770.38,BANK_TRANSFER,Travel,Mumbai,1430,1809.05,6
TX01798,C0367,2026-01-06 11:56:00,4358.45,UPI,Online Shopping,Mumbai,1949,3246.92,3
TX00364,C0160,2026-01-06 13:25:00,1125.06,CARD,Pharmacy,Jaipur,1515,1445.65,10
TX00724,C0083,2026-01-06 14:12:00,1287.52,BANK_TRANSFER,Restaurant,Jaipur,1615,3398.14,3
TX02697,C0342,2026-05-04 11:57:00,1585.52,CARD,Restaurant,Mumbai,3200,1396.52,10
TX02767,C0444,2026-01-06 16:11:00,322.28,CARD,Electronics,Pune,3005,1403.58,8
TX02769,C0288,2026-01-06 16:34:00,1594.48,ATM,Restaurant,Pune,2221,1260.21,11
TX01427,C0407,2026-01-06 17:11:00,302.28,UPI,Travel,Hyderabad,2361,1570.4,9
TX00609,C0160,2026-01-06 20:25:00,1374.6,UPI,Pharmacy,Hyderabad,1515,1445.65,10
TX00687,C0371,2026-01-06 22:31:00,2051.96,ATM,Online Shopping,Bengaluru,3264,1166.57,10
TX01458,C0152,2026-01-06 23:21:00,7457.3,CARD,Grocery,Jaipur,834,2173.29,10
TX00909,C0198,2026-01-06 23:26:00,1462.08,UPI,Pharmacy,Mumbai,2759,732.62,6
TX01700,C0191,2026-01-06 23:59:00,1935.66,ATM,Travel,Pune,2602,1586.45,4
TX01690,C0059,2026-01-07 00:26:00,772.84,CARD,Electronics,Mumbai,2244,3937.48,7
TX01007,C0328,2026-01-07 01:12:00,2032.95,ATM,Utilities,Bengaluru,2423,10347.89,9
TX02254,C0234,2026-01-07 01:47:00,1026.46,ATM,Restaurant,Delhi,693,1338.22,2
TX02164,C0080,2026-01-07 04:59:00,1576.93,CARD,Travel,Pune,2283,986.35,5
TX01038,C0424,2026-01-07 07:01:00,2960.88,CARD,Online Shopping,Mumbai,2554,1705.12,7
TX02672,C0151,2026-01-07 10:12:00,1470.89,ATM,Electronics,Pune,1781,1515.67,7
TX00670,C0365,2026-01-07 10:14:00,730.27,CARD,Utilities,Mumbai,1914,2345.72,10
TX02108,C0018,2026-01-07 10:19:00,4129.61,BANK_TRANSFER,Restaurant,Jaipur,160,2575.25,2
TX00309,C0496,2026-01-07 11:12:00,894.88,ATM,Electronics,Hyderabad,3455,1283.51,6
TX01768,C0219,2026-01-07 11:57:00,459.51,CARD,Grocery,Mumbai,1336,2353.86,3
TX00881,C0089,2026-01-07 15:18:00,478.47,ATM,Travel,Delhi,1159,1032.79,7
TX01449,C0423,2026-01-07 15:28:00,1223.46,ATM,Restaurant,Chandigarh,2235,2157.5,4
TX01319,C0307,2026-01-07 15:45:00,1650.75,ATM,Travel,Hyderabad,2941,1054.88,2
TX01778,C0474,2026-01-07 17:49:00,587.42,CARD,Online Shopping,Pune,2836,1663.72,8
TX01810,C0004,2026-01-07 21:54:00,2526.05,CARD,Travel,Hyderabad,1324,1740.16,7
TX02214,C0198,2026-01-07 22:34:00,152.96,CARD,Grocery,Hyderabad,2759,732.62,6
TX02587,C0005,2026-01-08 00:57:00,292.48,UPI,Online Shopping,Jaipur,1160,1298.9,11
TX01773,C0401,2026-01-08 01:56:00,864.05,CARD,Grocery,Delhi,1829,833.86,8
TX01324,C0029,2026-01-08 02:06:00,416.6,CARD,Utilities,Pune,2354,1300.64,8
TX00601,C0388,2026-01-08 02:22:00,12670.98,CARD,Pharmacy,Jaipur,2765,4170.96,4
TX01107,C0215,2026-01-08 03:28:00,300.37,CARD,Electronics,Delhi,2267,1254.13,9
TX00243,C0403,2026-01-08 06:46:00,979.89,BANK_TRANSFER,Utilities,Mumbai,2104,1431.04,5
TX00548,C0098,2026-01-08 09:33:00,377.54,UPI,Utilities,Dehradun,1025,1626.66,8
TX01743,C0365,2026-01-08 09:51:00,2085.71,UPI,Restaurant,Jaipur,1914,2345.72,10
TX00137,C0280,2026-01-08 11:08:00,636.62,UPI,Travel,Pune,323,3181.88,4
TX01077,C0344,2026-01-08 11:12:00,2591.16,CARD,Utilities,Delhi,2893,1583.55,7
TX02797,C0130,2026-01-08 11:23:00,379.41,UPI,Restaurant,Bengaluru,2670,996.99,12
TX01343,C0312,2026-01-08 14:16:00,1431.95,UPI,Grocery,Bengaluru,1989,2241.79,7
TX02256,C0375,2026-01-08 14:34:00,1324.79,ATM,Restaurant,Hyderabad,1633,1076.41,5
TX00130,C0442,2026-01-08 15:30:00,371.69,ATM,Electronics,Dehradun,2330,13944.45,6
TX01473,C0015,2026-01-08 16:11:00,1184.48,CARD,Online Shopping,Bengaluru,3474,2507.41,6
TX00215,C0151,2026-01-08 17:24:00,1384.86,BANK_TRANSFER,Grocery,Bengaluru,1781,1515.67,7
TX02246,C0340,2026-01-08 21:44:00,942.29,UPI,Grocery,Jaipur,2086,4014.04,5
TX01394,C0497,2026-01-08 22:43:00,891.81,CARD,Pharmacy,Mumbai,863,7090.38,12
TX02726,C0347,2026-01-08 23:52:00,1427.05,UPI,Pharmacy,Dehradun,433,1182.78,5
TX01351,C0244,2026-01-08 23:58:00,105.46,ATM,Travel,Bengaluru,593,1245.03,3
TX00739,C0377,2026-01-09 02:41:00,2749.41,BANK_TRANSFER,Electronics,Jaipur,427,2592.84,4
TX01228,C0422,2026-01-09 03:16:00,1083.96,CARD,Electronics,Jaipur,1273,2112.55,11
TX01183,C0078,2026-01-09 03:45:00,1514.21,ATM,Utilities,Pune,805,1198.18,7
TX02334,C0279,2026-01-09 03:51:00,468.99,UPI,Electronics,Dehradun,796,808.66,4
TX02411,C0292,2026-01-09 08:49:00,542.83,CARD,Travel,Jaipur,216,2349.0,6
TX00998,C0171,2026-01-09 08:53:00,893.41,BANK_TRANSFER,Pharmacy,Chandigarh,1068,1817.07,3
TX01475,C0497,2026-01-09 09:19:00,3650.65,CARD,Travel,Delhi,863,7090.38,12
TX02566,C0109,2026-01-09 09:43:00,456.61,UPI,Restaurant,Dehradun,908,1198.89,5
TX00301,C0122,2026-01-09 10:16:00,520.32,BANK_TRANSFER,Utilities,Pune,1397,1231.77,8
TX02070,C0159,2026-01-09 10:24:00,4758.67,CARD,Travel,Pune,2690,4343.75,5
TX01206,C0112,2026-01-09 11:53:00,3700.58,UPI,Electronics,Bengaluru,2294,2501.72,4
TX01289,C0087,2026-04-11 15:00:00,1039.97,ATM,Grocery,Delhi,3491,974.03,6
TX00118,C0023,2026-01-09 16:48:00,1676.59,BANK_TRANSFER,Online Shopping,Jaipur,1545,1053.15,5
TX01895,C0455,2026-01-09 16:53:00,992.85,UPI,Online Shopping,Mumbai,1376,11810.65,9
TX02292,C0001,2026-01-09 19:04:00,1720.35,CARD,Pharmacy,Pune,3204,1526.54,11
TX01325,C0149,2026-01-09 20:30:00,2509.3,BANK_TRANSFER,Restaurant,Chandigarh,532,2098.03,9
TX02743,C0270,2026-01-09 22:46:00,838.22,CARD,Travel,Bengaluru,1763,1030.58,5
TX01871,C0093,2026-01-09 23:13:00,675.41,UPI,Travel,Hyderabad,2807,1845.66,6
TX02982,C0261,2026-01-09 23:33:00,2010.99,BANK_TRANSFER,Grocery,Pune,3326,1835.09,8
TX02459,C0445,2026-01-09 23:44:00,4812.82,UPI,Travel,Bengaluru,2036,1721.76,9
TX02034,C0356,2026-01-09 23:54:00,1514.19,CARD,Online Shopping,Jaipur,1475,752.22,6
TX02427,C0494,2026-01-10 01:41:00,719.75,ATM,Restaurant,Dehradun,1196,1584.52,7
TX00473,C0405,2026-01-10 01:49:00,379.63,UPI,Online Shopping,Jaipur,3378,1302.6,8
TX00075,C0237,2026-01-10 02:43:00,1269.72,ATM,Grocery,Mumbai,1661,1393.9,8
TX02143,C0379,2026-01-10 03:14:00,1309.65,ATM,Utilities,Dehradun,845,1179.34,10
TX02072,C0445,2026-01-10 07:03:00,1837.78,BANK_TRANSFER,Travel,Delhi,2036,1721.76,9
TX02809,C0099,2026-01-10 07:18:00,1243.88,ATM,Electronics,Hyderabad,2347,2043.25,6
TX01066,C0427,2026-01-10 08:39:00,1116.54,CARD,Grocery,Chandigarh,2595,925.21,8
TX02147,C0163,2026-01-10 08:42:00,945.43,BANK_TRANSFER,Online Shopping,Bengaluru,3319,1766.91,6
TX00782,C0335,2026-01-10 10:06:00,689.73,BANK_TRANSFER,Pharmacy,Jaipur,2331,900.87,7
TX00427,C0461,2026-01-10 10:12:00,2394.43,BANK_TRANSFER,Restaurant,Mumbai,1716,2901.41,7
TX01639,C0463,2026-01-10 10:59:00,1683.68,BANK_TRANSFER,Travel,Jaipur,184,1001.57,6
TX01018,C0296,2026-01-10 12:14:00,413.5,UPI,Pharmacy,Jaipur,1824,1112.11,5
TX00114,C0289,2026-01-10 12:22:00,1419.28,CARD,Utilities,Delhi,638,1001.91,11
TX00043,C0124,2026-01-10 13:55:00,651.87,CARD,Online Shopping,Chandigarh,2057,1186.53,4
TX02012,C0022,2026-01-10 14:17:00,330.2,UPI,Utilities,Hyderabad,2421,666.03,4
TX02065,C0391,2026-01-10 15:00:00,5545.41,ATM,Restaurant,Chandigarh,499,2513.78,7
TX00536,C0341,2026-01-10 16:35:00,712.16,CARD,Online Shopping,Dehradun,3334,928.37,6
TX01952,C0416,2026-01-10 17:48:00,514.61,UPI,Pharmacy,Chandigarh,576,1746.96,5
TX00914,C0456,2026-01-10 18:11:00,774.69,BANK_TRANSFER,Grocery,Dehradun,1925,16540.77,5
TX00624,C0001,2026-01-10 20:19:00,765.66,ATM,Travel,Chandigarh,3204,1526.54,11
TX02632,C0012,2026-01-10 21:01:00,5103.24,CARD,Restaurant,Delhi,360,1693.95,15
TX00051,C0092,2026-01-10 22:31:00,624.41,ATM,Grocery,Dehradun,2479,2063.22,9
TX00200,C0394,2026-01-10 23:06:00,3993.55,UPI,Utilities,Mumbai,2827,3538.42,6
TX00737,C0454,2026-01-10 23:39:00,1221.33,CARD,Electronics,Delhi,599,1396.8,7
TX02627,C0446,2026-01-11 00:20:00,124.23,CARD,Grocery,Jaipur,1214,1388.63,9
TX01461,C0188,2026-01-11 03:54:00,2028.8,ATM,Grocery,Bengaluru,3272,1295.75,7
TX00439,C0197,2026-01-11 05:33:00,4155.71,BANK_TRANSFER,Online Shopping,Pune,2655,2877.63,3
TX01462,C0301,2026-01-11 06:59:00,732.18,ATM,Electronics,Bengaluru,2480,1291.26,8
TX00253,C0367,2026-01-11 07:42:00,1781.62,CARD,Pharmacy,Bengaluru,1949,3246.92,3
TX00212,C0487,2026-01-11 09:33:00,1339.32,UPI,Pharmacy,Hyderabad,2398,1084.23,4
TX02949,C0087,2026-04-11 14:57:00,433.18,ATM,Grocery,Hyderabad,3491,974.03,6
TX01169,C0054,2026-03-24 01:21:00,571.37,ATM,Pharmacy,Jaipur,3232,1051.87,5
TX00602,C0184,2026-01-11 16:33:00,750.36,CARD,Travel,Chandigarh,3508,1412.1,4
TX02391,C0271,2026-01-11 17:09:00,734.4,CARD,Utilities,Dehradun,1469,1621.46,6
TX02655,C0149,2026-01-11 17:43:00,1061.25,BANK_TRANSFER,Grocery,Bengaluru,532,2098.03,9
TX02818,C0400,2026-01-11 17:58:00,1217.41,CARD,Travel,Bengaluru,2515,676.89,6
TX00285,C0076,2026-01-11 18:21:00,1563.11,UPI,Electronics,Dehradun,3529,1922.18,8
TX02220,C0497,2026-01-11 18:28:00,397.8,CARD,Grocery,Bengaluru,863,7090.38,12
TX01092,C0361,2026-01-11 20:01:00,828.54,CARD,Pharmacy,Mumbai,2587,1152.33,8
TX02190,C0305,2026-01-11 20:19:00,2483.7,BANK_TRANSFER,Restaurant,Bengaluru,176,2156.1,10
TX01749,C0455,2026-01-11 22:07:00,2263.91,BANK_TRANSFER,Utilities,Jaipur,1376,11810.65,9
TX01368,C0427,2026-01-12 05:03:00,1742.33,CARD,Travel,Dehradun,2595,925.21,8
TX00318,C0132,2026-01-12 06:32:00,689.28,UPI,Travel,Jaipur,1728,1769.98,5
TX01634,C0409,2026-01-12 07:01:00,3231.21,UPI,Utilities,Delhi,989,1236.1,7
TX01034,C0319,2026-06-22 20:34:00,955.32,BANK_TRANSFER,Grocery,Bengaluru,2550,958.7,8
TX02703,C0239,2026-01-12 07:35:00,1288.04,BANK_TRANSFER,Utilities,Dehradun,3334,1895.07,10
TX00037,C0311,2026-01-12 07:57:00,828.21,CARD,Utilities,Mumbai,3006,1063.84,9
TX01284,C0165,2026-01-12 08:20:00,2980.51,ATM,Travel,Delhi,2844,1817.26,6
TX00290,C0401,2026-01-12 09:06:00,414.96,ATM,Electronics,Delhi,1829,833.86,8
TX02373,C0282,2026-01-12 09:09:00,2391.05,BANK_TRANSFER,Grocery,Pune,2961,1438.36,10
TX02795,C0266,2026-01-12 09:24:00,32814.69,UPI,Restaurant,Mumbai,1106,6751.67,6
TX01728,C0295,2026-01-12 09:55:00,295.24,BANK_TRANSFER,Travel,Mumbai,3450,1102.06,5
TX02626,C0106,2026-01-12 12:32:00,603.55,CARD,Grocery,Bengaluru,2373,880.73,6
TX00545,C0226,2026-01-12 13:18:00,718.83,UPI,Pharmacy,Bengaluru,739,1273.47,10
TX00542,C0422,2026-01-12 13:38:00,643.92,UPI,Travel,Delhi,1273,2112.55,11
TX01501,C0227,2026-01-12 15:14:00,333.33,CARD,Electronics,Pune,1509,8868.64,10
TX02318,C0159,2026-01-12 19:44:00,1694.78,CARD,Pharmacy,Chandigarh,2690,4343.75,5
TX02729,C0466,2026-05-18 00:22:00,1016.41,BANK_TRANSFER,Online Shopping,Bengaluru,814,1073.19,10
TX01184,C0288,2026-01-12 22:36:00,1067.28,BANK_TRANSFER,Pharmacy,Dehradun,2221,1260.21,11
TX00426,C0212,2026-01-12 23:52:00,690.38,UPI,Electronics,Hyderabad,3449,1160.43,3
TX00192,C0075,2026-01-13 00:38:00,316.74,CARD,Grocery,Dehradun,1508,1241.18,6
TX02046,C0402,2026-01-13 00:56:00,577.97,BANK_TRANSFER,Pharmacy,Bengaluru,3384,1417.77,5
TX00725,C0042,2026-01-13 01:28:00,870.21,BANK_TRANSFER,Restaurant,Pune,2777,1178.43,11
TX02774,C0031,2026-01-13 01:46:00,477.19,ATM,Electronics,Chandigarh,489,1372.88,3
TX00297,C0170,2026-01-13 02:36:00,3554.66,UPI,Online Shopping,Hyderabad,236,4991.01,7
TX00971,C0299,2026-01-13 03:11:00,1312.01,BANK_TRANSFER,Online Shopping,Bengaluru,3032,1365.48,2
TX01233,C0053,2026-01-13 03:37:00,501.37,UPI,Electronics,Delhi,1558,2450.53,6
TX02883,C0497,2026-01-13 05:14:00,1296.28,CARD,Travel,Chandigarh,863,7090.38,12
TX02635,C0396,2026-01-13 05:53:00,1015.94,ATM,Pharmacy,Bengaluru,2115,1350.36,7
TX01832,C0382,2026-01-13 07:49:00,773.74,BANK_TRANSFER,Pharmacy,Dehradun,1445,2240.04,6
TX02253,C0434,2026-01-13 09:29:00,4306.59,CARD,Online Shopping,Bengaluru,331,1513.95,4
TX02068,C0350,2026-01-13 09:30:00,405.26,ATM,Grocery,Dehradun,3221,889.42,8
TX02173,C0276,2026-01-13 10:28:00,487.27,UPI,Electronics,Bengaluru,3285,723.73,3
TX00651,C0292,2026-01-13 14:01:00,1487.83,BANK_TRANSFER,Online Shopping,Jaipur,216,2349.0,6
TX01794,C0029,2026-01-13 15:36:00,1444.47,BANK_TRANSFER,Pharmacy,Pune,2354,1300.64,8
TX02044,C0082,2026-01-13 16:54:00,738.41,UPI,Electronics,Jaipur,1985,1235.6,8
TX02545,C0085,2026-01-13 18:59:00,1809.68,BANK_TRANSFER,Restaurant,Dehradun,3103,1118.01,4
TX00822,C0013,2026-01-13 20:38:00,1164.51,BANK_TRANSFER,Utilities,Chandigarh,1512,1631.17,5
TX02872,C0242,2026-01-13 20:44:00,3778.54,CARD,Pharmacy,Pune,1550,1072.68,9
TX00537,C0398,2026-01-17 20:49:00,1265.85,CARD,Restaurant,Mumbai,3466,1422.34,4
TX01118,C0477,2026-01-13 21:41:00,316.21,CARD,Utilities,Dehradun,1871,2005.42,8
TX01360,C0450,2026-01-13 23:15:00,865.83,CARD,Travel,Bengaluru,2095,8258.79,12
TX00322,C0415,2026-01-13 23:37:00,1162.72,CARD,Pharmacy,Jaipur,3617,1517.92,5
TX00699,C0086,2026-01-14 00:38:00,1883.26,UPI,Grocery,Delhi,1051,1276.73,7
TX00825,C0084,2026-01-14 00:58:00,435.58,ATM,Travel,Bengaluru,3489,1242.41,10
TX02187,C0485,2026-01-14 03:05:00,890.65,BANK_TRANSFER,Utilities,Pune,714,3141.51,10
TX00443,C0010,2026-01-14 04:57:00,2221.91,BANK_TRANSFER,Online Shopping,Jaipur,496,12015.85,7
TX02586,C0444,2026-01-14 04:58:00,1929.97,UPI,Utilities,Hyderabad,3005,1403.58,8
TX01506,C0029,2026-01-14 05:11:00,1733.72,CARD,Utilities,Delhi,2354,1300.64,8
TX00044,C0106,2026-01-14 07:05:00,453.83,CARD,Online Shopping,Chandigarh,2373,880.73,6
TX00798,C0113,2026-01-14 08:13:00,7871.91,UPI,Travel,Chandigarh,793,2407.68,6
TX00405,C0373,2026-01-14 12:47:00,1663.7,CARD,Online Shopping,Chandigarh,1734,3597.1,7
TX00857,C0406,2026-01-14 13:05:00,896.59,BANK_TRANSFER,Grocery,Pune,827,900.82,7
TX02213,C0035,2026-01-14 17:24:00,239.85,CARD,Utilities,Jaipur,777,1287.79,5
TX01137,C0132,2026-01-14 17:25:00,2425.51,CARD,Travel,Delhi,1728,1769.98,5
TX00088,C0076,2026-01-14 18:37:00,848.78,BANK_TRANSFER,Travel,Dehradun,3529,1922.18,8
TX00181,C0410,2026-01-14 18:50:00,3512.53,BANK_TRANSFER,Pharmacy,Pune,1534,1293.19,6
TX01967,C0194,2026-01-14 20:00:00,206.33,ATM,Utilities,Bengaluru,3344,1728.11,4
TX01907,C0117,2026-01-14 20:43:00,442.04,UPI,Pharmacy,Dehradun,3142,846.39,11
TX01518,C0377,2026-01-14 21:53:00,1282.13,ATM,Restaurant,Dehradun,427,2592.84,4
TX02533,C0011,2026-01-14 22:32:00,791.12,BANK_TRANSFER,Grocery,Jaipur,1268,1224.83,6
TX00843,C0236,2026-01-15 01:24:00,2837.17,BANK_TRANSFER,Electronics,Hyderabad,3475,1333.69,7
TX02003,C0251,2026-01-15 02:01:00,795.65,ATM,Online Shopping,Dehradun,3029,1332.78,9
TX01830,C0195,2026-01-15 02:50:00,547.38,BANK_TRANSFER,Grocery,Jaipur,3187,1145.02,6
TX02689,C0196,2026-01-15 02:52:00,1533.62,UPI,Travel,Hyderabad,1849,2056.8,7
TX01000,C0492,2026-01-15 04:30:00,1139.72,ATM,Travel,Hyderabad,1936,2364.12,4
TX00252,C0339,2026-01-15 05:28:00,593.86,ATM,Pharmacy,Hyderabad,3092,3818.22,5
TX01177,C0495,2026-01-15 07:38:00,1047.72,UPI,Electronics,Delhi,1145,1169.3,6
TX01738,C0223,2026-01-15 07:43:00,1034.71,ATM,Grocery,Bengaluru,1798,1223.46,10
TX01072,C0152,2026-01-15 08:42:00,220.16,UPI,Online Shopping,Chandigarh,834,2173.29,10
TX01439,C0176,2026-01-15 11:49:00,528.25,UPI,Online Shopping,Dehradun,2820,830.47,4
TX00519,C0306,2026-01-15 14:54:00,265.8,BANK_TRANSFER,Restaurant,Mumbai,3249,721.67,4
TX01202,C0161,2026-01-15 15:28:00,317.78,ATM,Electronics,Chandigarh,2720,1554.39,9
TX01611,C0003,2026-01-15 16:13:00,1951.21,ATM,Grocery,Bengaluru,890,10038.44,6
TX00952,C0436,2026-01-15 16:18:00,2077.36,ATM,Online Shopping,Mumbai,636,1676.23,8
TX01550,C0140,2026-01-15 18:39:00,437.64,ATM,Travel,Mumbai,2118,414.99,2
TX01315,C0130,2026-01-15 21:32:00,3747.69,UPI,Electronics,Hyderabad,2670,996.99,12
TX02854,C0386,2026-01-15 21:44:00,536.19,ATM,Travel,Jaipur,669,2758.11,7
TX02630,C0055,2026-01-16 01:22:00,690.06,CARD,Restaurant,Hyderabad,3586,540.49,6
TX00390,C0374,2026-01-16 01:48:00,1211.9,BANK_TRANSFER,Electronics,Mumbai,190,1273.23,9
TX00304,C0029,2026-01-16 04:11:00,1339.83,ATM,Online Shopping,Mumbai,2354,1300.64,8
TX01226,C0261,2026-01-16 07:22:00,3189.85,UPI,Pharmacy,Dehradun,3326,1835.09,8
TX02357,C0497,2026-01-16 07:39:00,1094.78,UPI,Restaurant,Chandigarh,863,7090.38,12
TX02646,C0118,2026-01-16 08:20:00,546.42,BANK_TRANSFER,Online Shopping,Dehradun,1210,880.1,9
TX02739,C0310,2026-01-16 09:30:00,615.28,BANK_TRANSFER,Grocery,Dehradun,518,1491.13,8
TX01733,C0155,2026-01-16 14:48:00,994.51,UPI,Pharmacy,Pune,1925,2065.02,4
TX00933,C0439,2026-01-16 17:25:00,1889.27,UPI,Online Shopping,Bengaluru,1022,1839.58,3
TX00300,C0283,2026-01-16 17:43:00,1511.63,BANK_TRANSFER,Online Shopping,Dehradun,227,1427.66,3
TX00139,C0247,2026-01-16 19:59:00,998.75,ATM,Utilities,Mumbai,3487,993.61,7
TX00295,C0141,2026-01-16 22:58:00,393.75,UPI,Online Shopping,Pune,3129,1677.43,9
TX01621,C0068,2026-01-16 23:26:00,1815.52,CARD,Utilities,Pune,3447,1273.92,5
TX00326,C0182,2026-01-17 00:37:00,1769.4,CARD,Online Shopping,Hyderabad,1787,1589.53,4
TX00375,C0164,2026-01-17 01:21:00,1926.15,UPI,Electronics,Delhi,532,1496.1,10
TX01703,C0188,2026-01-17 02:06:00,2223.56,BANK_TRANSFER,Travel,Dehradun,3272,1295.75,7
TX01127,C0175,2026-01-17 03:08:00,2155.88,ATM,Grocery,Chandigarh,893,2033.56,6
TX02454,C0071,2026-01-17 04:37:00,1134.46,ATM,Utilities,Dehradun,1393,1134.46,1
TX00947,C0159,2026-01-17 05:52:00,11543.94,CARD,Restaurant,Hyderabad,2690,4343.75,5
TX01320,C0181,2026-01-17 06:20:00,549.15,BANK_TRANSFER,Travel,Bengaluru,1953,1571.77,6
TX00702,C0300,2026-01-17 07:10:00,18438.99,ATM,Restaurant,Bengaluru,1985,4168.31,6
TX02821,C0260,2026-01-17 10:49:00,1726.51,BANK_TRANSFER,Grocery,Hyderabad,1789,1309.68,4
TX02768,C0012,2026-01-17 12:57:00,1155.89,ATM,Electronics,Jaipur,360,1693.95,15
TX00236,C0187,2026-06-10 21:26:00,2143.99,UPI,Online Shopping,Mumbai,1708,1343.78,4
TX02753,C0425,2026-01-17 14:13:00,745.33,ATM,Pharmacy,Bengaluru,1099,1134.93,8
TX00647,C0048,2026-01-17 14:34:00,1162.41,ATM,Restaurant,Pune,3035,1340.63,3
TX02570,C0229,2026-01-17 14:54:00,1480.57,ATM,Grocery,Mumbai,678,887.25,11
TX01720,C0415,2026-01-17 15:22:00,2657.83,BANK_TRANSFER,Electronics,Bengaluru,3617,1517.92,5
TX02049,C0037,2026-01-17 16:01:00,1893.95,BANK_TRANSFER,Utilities,Chandigarh,504,13505.11,4
TX00226,C0361,2026-06-05 23:35:00,966.36,UPI,Electronics,Dehradun,2587,1152.33,8
TX02433,C0136,2026-01-17 17:12:00,5993.72,BANK_TRANSFER,Electronics,Chandigarh,1826,1879.13,8
TX01218,C0011,2026-01-17 18:06:00,2873.0,CARD,Online Shopping,Hyderabad,1268,1224.83,6
TX02735,C0025,2026-01-17 19:57:00,1683.02,BANK_TRANSFER,Electronics,Bengaluru,2883,1548.69,12
TX00274,C0398,2026-01-17 20:52:00,1531.27,ATM,Electronics,Dehradun,3466,1422.34,4
TX02112,C0225,2026-01-17 20:56:00,2128.3,ATM,Utilities,Jaipur,3460,1052.93,4
TX01999,C0318,2026-01-17 22:31:00,602.68,ATM,Electronics,Delhi,1832,1215.04,10
TX00948,C0303,2026-01-17 22:40:00,287.99,CARD,Utilities,Dehradun,2016,1221.65,13
TX01581,C0330,2026-01-17 23:51:00,502.72,BANK_TRANSFER,Restaurant,Dehradun,1046,1364.96,9
TX02679,C0475,2026-01-18 01:15:00,1750.61,BANK_TRANSFER,Grocery,Mumbai,567,1604.89,4
TX02546,C0146,2026-01-18 01:31:00,583.91,UPI,Pharmacy,Hyderabad,3007,683.37,9
TX02585,C0130,2026-01-18 03:01:00,903.76,BANK_TRANSFER,Utilities,Hyderabad,2670,996.99,12
TX02126,C0293,2026-01-18 05:15:00,824.72,UPI,Travel,Mumbai,3427,1099.67,13
TX00122,C0325,2026-01-18 05:43:00,1465.66,UPI,Restaurant,Mumbai,292,3004.18,4
TX01804,C0471,2026-01-18 07:33:00,589.12,UPI,Pharmacy,Bengaluru,3140,1221.85,10
TX01472,C0039,2026-02-19 23:21:00,7197.32,CARD,Restaurant,Dehradun,2588,2219.73,13
TX00586,C0240,2026-01-18 09:14:00,575.19,BANK_TRANSFER,Restaurant,Bengaluru,1166,1377.49,3
TX01990,C0223,2026-01-18 09:23:00,415.38,CARD,Grocery,Hyderabad,1798,1223.46,10
TX00525,C0478,2026-01-18 10:33:00,2009.94,UPI,Pharmacy,Dehradun,950,1660.18,8
TX00278,C0163,2026-01-18 13:45:00,734.26,BANK_TRANSFER,Utilities,Chandigarh,3319,1766.91,6
TX00413,C0316,2026-01-18 14:12:00,825.44,UPI,Online Shopping,Chandigarh,2949,1300.8,10
TX00622,C0405,2026-01-18 17:53:00,1120.05,UPI,Pharmacy,Bengaluru,3378,1302.6,8
TX00001,C0342,2026-05-04 12:00:00,5105.75,CARD,Travel,Mumbai,3200,1396.52,10
TX01651,C0251,2026-01-19 01:02:00,600.38,BANK_TRANSFER,Electronics,Hyderabad,3029,1332.78,9
TX00621,C0022,2026-01-19 01:59:00,703.52,ATM,Pharmacy,Dehradun,2421,666.03,4
TX01540,C0193,2026-01-19 07:50:00,1737.95,UPI,Pharmacy,Delhi,1752,2395.74,4
TX00553,C0435,2026-01-19 09:08:00,2304.13,CARD,Travel,Jaipur,210,2267.54,13
TX01063,C0347,2026-01-19 10:18:00,1708.5,UPI,Pharmacy,Bengaluru,433,1182.78,5
TX02725,C0066,2026-01-19 12:18:00,1959.77,CARD,Pharmacy,Chandigarh,2071,1096.69,5
TX00058,C0318,2026-01-19 13:53:00,1303.38,UPI,Online Shopping,Pune,1832,1215.04,10
TX00220,C0369,2026-01-19 19:39:00,661.43,CARD,Grocery,Dehradun,367,2083.23,7
TX01009,C0106,2026-01-20 01:14:00,1022.46,BANK_TRANSFER,Online Shopping,Dehradun,2373,880.73,6
TX00942,C0330,2026-01-20 01:51:00,452.03,BANK_TRANSFER,Travel,Delhi,1046,1364.96,9
TX00385,C0143,2026-01-20 02:14:00,614.21,BANK_TRANSFER,Pharmacy,Delhi,230,1078.24,8
TX02152,C0460,2026-01-20 07:46:00,829.09,UPI,Grocery,Jaipur,2931,973.7,6
TX02620,C0333,2026-01-20 08:55:00,1674.48,UPI,Grocery,Bengaluru,2974,4133.65,4
TX02086,C0096,2026-01-20 09:23:00,930.63,UPI,Travel,Mumbai,231,1185.61,7
TX01361,C0073,2026-01-20 09:54:00,742.41,CARD,Restaurant,Delhi,1420,1403.31,8
TX01339,C0152,2026-01-20 10:09:00,570.26,CARD,Utilities,Dehradun,834,2173.29,10
TX02199,C0108,2026-01-20 13:04:00,1100.89,BANK_TRANSFER,Restaurant,Mumbai,367,968.62,7
TX00997,C0316,2026-01-20 15:26:00,694.99,UPI,Grocery,Dehradun,2949,1300.8,10
TX00620,C0317,2026-01-20 17:05:00,729.82,BANK_TRANSFER,Online Shopping,Dehradun,670,1973.0,4
TX01389,C0445,2026-01-20 17:47:00,1478.81,CARD,Pharmacy,Bengaluru,2036,1721.76,9
TX01745,C0496,2026-01-20 20:58:00,960.12,UPI,Pharmacy,Jaipur,3455,1283.51,6
TX02719,C0436,2026-01-20 21:07:00,214.12,UPI,Restaurant,Pune,636,1676.23,8
TX00448,C0365,2026-01-20 21:30:00,2242.37,BANK_TRANSFER,Grocery,Chandigarh,1914,2345.72,10
TX01849,C0058,2026-01-20 23:01:00,1442.78,BANK_TRANSFER,Travel,Bengaluru,2918,683.86,8
TX02608,C0209,2026-01-20 23:53:00,340.29,UPI,Grocery,Pune,1693,1317.55,4
TX00247,C0284,2026-01-21 01:10:00,1426.46,ATM,Electronics,Bengaluru,3059,2002.12,4
TX00034,C0350,2026-01-21 01:32:00,538.89,CARD,Restaurant,Mumbai,3221,889.42,8
TX00852,C0483,2026-01-21 01:47:00,1154.84,UPI,Travel,Chandigarh,2980,1072.43,8
TX00305,C0165,2026-01-21 04:09:00,2959.3,UPI,Pharmacy,Pune,2844,1817.26,6
TX02550,C0125,2026-01-21 05:59:00,582.53,UPI,Restaurant,Hyderabad,2725,902.67,5
TX02698,C0316,2026-01-21 07:41:00,1154.04,UPI,Pharmacy,Delhi,2949,1300.8,10
TX01171,C0239,2026-01-21 08:57:00,2186.96,CARD,Grocery,Jaipur,3334,1895.07,10
TX02728,C0419,2026-01-21 11:02:00,1708.28,CARD,Travel,Chandigarh,3613,1466.87,5
TX00100,C0497,2026-01-21 12:05:00,1200.25,UPI,Pharmacy,Dehradun,863,7090.38,12
TX01936,C0088,2026-01-21 13:39:00,1592.32,UPI,Restaurant,Bengaluru,2643,1016.66,2
TX01868,C0430,2026-01-21 13:52:00,1022.63,CARD,Restaurant,Delhi,1090,964.05,3
TX02312,C0089,2026-01-21 18:06:00,719.04,BANK_TRANSFER,Grocery,Bengaluru,1159,1032.79,7
TX01111,C0211,2026-01-21 19:41:00,5206.62,BANK_TRANSFER,Grocery,Dehradun,2068,2911.14,3
TX00616,C0005,2026-01-21 20:02:00,772.56,UPI,Pharmacy,Pune,1160,1298.9,11
TX00807,C0382,2026-01-21 21:51:00,3321.8,BANK_TRANSFER,Grocery,Delhi,1445,2240.04,6
TX01841,C0443,2026-01-21 22:51:00,3088.51,BANK_TRANSFER,Online Shopping,Jaipur,1010,1778.61,8
TX01457,C0159,2026-01-22 00:40:00,2034.03,ATM,Restaurant,Mumbai,2690,4343.75,5
TX00720,C0264,2026-01-22 01:34:00,1029.35,ATM,Grocery,Hyderabad,1691,1643.44,12
TX00350,C0461,2026-01-22 02:12:00,3147.03,UPI,Travel,Hyderabad,1716,2901.41,7
TX02308,C0063,2026-01-22 03:31:00,657.75,UPI,Pharmacy,Delhi,2393,1534.34,9
TX02014,C0383,2026-01-22 04:22:00,462.33,BANK_TRANSFER,Electronics,Mumbai,1188,2692.07,3
TX01615,C0269,2026-03-07 11:02:00,1553.96,CARD,Travel,Pune,1725,934.23,6
TX01774,C0394,2026-01-22 06:01:00,7001.72,BANK_TRANSFER,Restaurant,Delhi,2827,3538.42,6
TX02019,C0362,2026-01-22 06:26:00,640.75,CARD,Online Shopping,Dehradun,1526,1055.17,3
TX02301,C0090,2026-01-22 06:41:00,640.21,UPI,Grocery,Jaipur,1530,1289.35,9
TX01834,C0440,2026-01-22 07:23:00,4672.32,UPI,Travel,Mumbai,1169,1641.76,8
TX02261,C0264,2026-01-22 07:40:00,5787.99,UPI,Online Shopping,Bengaluru,1691,1643.44,12
TX00430,C0413,2026-01-22 10:00:00,582.51,CARD,Travel,Hyderabad,845,982.54,4
TX01872,C0309,2026-01-22 10:52:00,914.24,UPI,Online Shopping,Bengaluru,1873,883.63,5
TX01737,C0360,2026-01-22 11:14:00,1384.04,UPI,Restaurant,Chandigarh,3213,621.74,7
TX00349,C0387,2026-01-22 11:41:00,131.11,BANK_TRANSFER,Utilities,Dehradun,3134,2066.03,7
TX02852,C0133,2026-01-22 11:52:00,4040.48,CARD,Utilities,Chandigarh,448,1738.44,11
TX01681,C0289,2026-01-22 14:38:00,1724.61,BANK_TRANSFER,Pharmacy,Jaipur,638,1001.91,11
TX02985,C0008,2026-01-22 15:21:00,2484.78,UPI,Travel,Hyderabad,1668,1545.23,9
TX02297,C0053,2026-01-22 16:11:00,6962.78,BANK_TRANSFER,Travel,Jaipur,1558,2450.53,6
TX02125,C0375,2026-01-22 17:01:00,1251.75,BANK_TRANSFER,Travel,Mumbai,1633,1076.41,5
TX02445,C0350,2026-01-22 17:34:00,709.51,UPI,Online Shopping,Chandigarh,3221,889.42,8
TX00526,C0222,2026-01-22 19:28:00,448.18,CARD,Online Shopping,Chandigarh,1002,979.34,6
TX01144,C0288,2026-01-22 20:46:00,2209.26,CARD,Grocery,Dehradun,2221,1260.21,11
TX01533,C0498,2026-01-22 22:16:00,3787.52,UPI,Utilities,Jaipur,1853,2188.48,8
TX01359,C0154,2026-01-22 23:42:00,1894.32,BANK_TRANSFER,Electronics,Chandigarh,2761,1193.2,11
TX02283,C0232,2026-01-23 00:06:00,1878.78,BANK_TRANSFER,Restaurant,Hyderabad,1287,1438.7,6
TX02645,C0104,2026-01-23 00:28:00,969.35,UPI,Electronics,Dehradun,1305,1367.55,7
TX00786,C0435,2026-01-23 03:05:00,3724.2,CARD,Electronics,Hyderabad,210,2267.54,13
TX01459,C0483,2026-01-23 06:53:00,1007.06,CARD,Electronics,Jaipur,2980,1072.43,8
TX01867,C0060,2026-05-28 19:19:00,748.11,UPI,Travel,Delhi,1327,1354.0,7
TX00951,C0216,2026-01-23 09:46:00,1094.45,CARD,Pharmacy,Mumbai,3326,1696.45,7
TX01545,C0399,2026-01-23 10:08:00,1769.89,ATM,Pharmacy,Hyderabad,592,1300.65,7
TX00991,C0446,2026-01-23 10:28:00,763.62,ATM,Grocery,Mumbai,1214,1388.63,9
TX02772,C0092,2026-01-23 10:31:00,727.51,BANK_TRANSFER,Grocery,Mumbai,2479,2063.22,9
TX01373,C0291,2026-01-23 10:38:00,4269.9,UPI,Online Shopping,Bengaluru,1177,7019.19,9
TX00230,C0062,2026-01-23 10:47:00,5425.08,CARD,Restaurant,Dehradun,630,1819.25,7
TX02203,C0370,2026-01-23 11:11:00,793.62,ATM,Electronics,Bengaluru,2899,880.35,5
TX00235,C0397,2026-01-23 11:45:00,1196.33,ATM,Travel,Delhi,2307,8524.18,10
TX00721,C0424,2026-01-23 17:22:00,1302.94,BANK_TRANSFER,Online Shopping,Hyderabad,2554,1705.12,7
TX02659,C0466,2026-01-23 18:13:00,1220.89,BANK_TRANSFER,Online Shopping,Pune,814,1073.19,10
TX02201,C0445,2026-01-23 20:24:00,1430.69,UPI,Electronics,Hyderabad,2036,1721.76,9
TX00147,C0152,2026-01-23 20:46:00,1385.66,UPI,Online Shopping,Jaipur,834,2173.29,10
TX01363,C0296,2026-01-23 21:10:00,1034.37,UPI,Travel,Chandigarh,1824,1112.11,5
TX02157,C0303,2026-01-23 22:06:00,1569.29,CARD,Electronics,Hyderabad,2016,1221.65,13
TX00922,C0500,2026-01-23 22:32:00,321.87,CARD,Restaurant,Jaipur,2012,1242.57,9
TX02530,C0476,2026-01-23 23:13:00,661.79,BANK_TRANSFER,Grocery,Dehradun,1920,843.02,9
TX00709,C0394,2026-01-24 00:46:00,1037.82,CARD,Grocery,Bengaluru,2827,3538.42,6
TX02310,C0161,2026-01-24 02:15:00,1439.79,UPI,Pharmacy,Mumbai,2720,1554.39,9
TX01186,C0302,2026-01-24 04:40:00,811.38,ATM,Restaurant,Mumbai,1399,1227.65,9
TX01305,C0394,2026-01-24 07:29:00,3276.92,ATM,Utilities,Pune,2827,3538.42,6
TX02917,C0129,2026-01-24 07:38:00,3598.96,ATM,Online Shopping,Jaipur,1552,2168.94,5
TX02268,C0175,2026-01-24 09:27:00,232.04,UPI,Online Shopping,Chandigarh,893,2033.56,6
TX02781,C0390,2026-01-24 10:46:00,1867.95,BANK_TRANSFER,Restaurant,Bengaluru,984,11997.86,7
TX02498,C0293,2026-01-24 14:29:00,1251.82,ATM,Online Shopping,Chandigarh,3427,1099.67,13
TX00827,C0319,2026-01-24 17:24:00,681.89,UPI,Grocery,Dehradun,2550,958.7,8
TX00125,C0180,2026-01-24 22:05:00,292.83,CARD,Travel,Bengaluru,125,1006.67,6
TX01080,C0285,2026-01-24 22:07:00,660.23,ATM,Grocery,Pune,1960,1872.85,11
TX00503,C0449,2026-01-24 23:14:00,2641.95,CARD,Grocery,Mumbai,157,1648.9,5
TX01362,C0201,2026-01-25 00:41:00,50864.01,CARD,Travel,Chandigarh,3090,13970.79,4
TX02415,C0324,2026-01-25 00:54:00,512.09,UPI,Travel,Pune,1664,12337.3,7
TX00501,C0260,2026-01-25 01:45:00,819.02,UPI,Online Shopping,Jaipur,1789,1309.68,4
TX00769,C0220,2026-01-25 03:55:00,1422.97,BANK_TRANSFER,Online Shopping,Jaipur,2710,1308.32,9
TX01740,C0188,2026-01-25 04:02:00,835.61,ATM,Electronics,Pune,3272,1295.75,7
TX00732,C0226,2026-01-25 06:33:00,879.89,ATM,Electronics,Dehradun,739,1273.47,10
TX01425,C0199,2026-01-25 06:55:00,922.88,UPI,Pharmacy,Dehradun,2634,2018.79,4
TX00833,C0399,2026-01-25 07:32:00,2227.58,BANK_TRANSFER,Online Shopping,Delhi,592,1300.65,7
TX00222,C0013,2026-01-25 11:52:00,3032.64,UPI,Online Shopping,Dehradun,1512,1631.17,5
TX02093,C0066,2026-01-25 13:14:00,1464.39,BANK_TRANSFER,Pharmacy,Dehradun,2071,1096.69,5
TX02841,C0062,2026-01-25 14:43:00,832.25,ATM,Electronics,Pune,630,1819.25,7
TX02885,C0395,2026-01-25 17:02:00,1219.38,ATM,Electronics,Dehradun,1723,1404.29,5
TX00134,C0493,2026-01-25 17:09:00,1774.63,BANK_TRANSFER,Electronics,Hyderabad,2548,1479.52,8
TX00925,C0411,2026-01-25 18:58:00,296.85,CARD,Electronics,Chandigarh,482,2120.45,5
TX01886,C0316,2026-01-25 21:54:00,603.42,BANK_TRANSFER,Travel,Jaipur,2949,1300.8,10
TX00805,C0038,2026-01-25 22:13:00,637.5,BANK_TRANSFER,Restaurant,Dehradun,1112,1619.85,7
TX01334,C0227,2026-01-25 22:30:00,825.44,CARD,Utilities,Mumbai,1509,8868.64,10
TX00711,C0233,2026-01-25 23:42:00,2897.44,ATM,Electronics,Mumbai,713,2452.85,8
TX00932,C0411,2026-01-26 00:04:00,888.52,CARD,Grocery,Hyderabad,482,2120.45,5
TX02785,C0254,2026-01-26 04:29:00,3672.43,CARD,Grocery,Delhi,2190,2538.35,5
TX01323,C0282,2026-01-26 05:57:00,742.04,ATM,Electronics,Bengaluru,2961,1438.36,10
TX00590,C0249,2026-01-26 08:31:00,566.31,ATM,Grocery,Mumbai,3214,733.79,7
TX00539,C0075,2026-01-26 09:01:00,3850.46,BANK_TRANSFER,Grocery,Pune,1508,1241.18,6
TX01085,C0156,2026-01-26 11:07:00,5370.73,CARD,Pharmacy,Bengaluru,2803,2289.42,5
TX02472,C0362,2026-01-26 12:08:00,1504.62,ATM,Grocery,Dehradun,1526,1055.17,3
TX02309,C0073,2026-01-26 12:23:00,768.37,BANK_TRANSFER,Utilities,Mumbai,1420,1403.31,8
TX01594,C0047,2026-01-26 12:32:00,285.71,CARD,Pharmacy,Chandigarh,2764,1345.73,9
TX02052,C0361,2026-01-26 14:49:00,1384.66,UPI,Online Shopping,Bengaluru,2587,1152.33,8
TX01814,C0489,2026-01-26 17:33:00,1175.03,ATM,Grocery,Hyderabad,429,1812.52,4
TX01120,C0144,2026-01-26 17:52:00,1690.45,BANK_TRANSFER,Travel,Pune,1893,1196.54,8
TX00496,C0366,2026-01-26 19:23:00,1036.18,UPI,Pharmacy,Bengaluru,2991,2032.81,5
TX00356,C0312,2026-01-26 20:26:00,2640.64,CARD,Grocery,Jaipur,1989,2241.79,7
TX01918,C0478,2026-01-26 22:51:00,2094.34,UPI,Travel,Dehradun,950,1660.18,8
TX02226,C0181,2026-01-26 23:31:00,2373.01,UPI,Online Shopping,Bengaluru,1953,1571.77,6
TX02588,C0428,2026-01-27 00:02:00,1607.96,UPI,Electronics,Bengaluru,2176,1204.34,8
TX02967,C0314,2026-01-27 04:55:00,394.79,ATM,Online Shopping,Hyderabad,2628,1019.29,7
TX00778,C0435,2026-01-27 11:20:00,579.36,CARD,Restaurant,Bengaluru,210,2267.54,13
TX01995,C0264,2026-01-27 14:50:00,264.13,BANK_TRANSFER,Online Shopping,Hyderabad,1691,1643.44,12
TX02303,C0220,2026-01-27 15:27:00,421.21,CARD,Grocery,Hyderabad,2710,1308.32,9
TX00194,C0376,2026-01-27 18:39:00,1343.74,CARD,Grocery,Dehradun,2878,1700.21,8
TX00386,C0415,2026-01-28 00:05:00,1932.47,BANK_TRANSFER,Online Shopping,Delhi,3617,1517.92,5
TX01100,C0360,2026-01-28 00:16:00,423.44,CARD,Electronics,Bengaluru,3213,621.74,7
TX01927,C0301,2026-01-28 02:31:00,522.89,CARD,Online Shopping,Chandigarh,2480,1291.26,8
TX01164,C0472,2026-01-28 03:25:00,2094.52,CARD,Pharmacy,Jaipur,1530,2508.07,5
TX00867,C0286,2026-01-28 04:32:00,1356.91,ATM,Online Shopping,Chandigarh,3612,792.68,7
TX02929,C0284,2026-01-28 05:17:00,530.01,ATM,Travel,Dehradun,3059,2002.12,4
TX01693,C0269,2026-01-28 08:52:00,1293.95,CARD,Pharmacy,Delhi,1725,934.23,6
TX01176,C0092,2026-01-28 12:10:00,1486.09,CARD,Travel,Pune,2479,2063.22,9
TX02123,C0334,2026-01-28 12:11:00,477.08,ATM,Restaurant,Bengaluru,1357,13224.7,5
TX02639,C0144,2026-01-28 13:27:00,1624.01,ATM,Electronics,Hyderabad,1893,1196.54,8
TX00422,C0447,2026-01-28 15:23:00,1235.81,UPI,Restaurant,Dehradun,3357,9693.25,6
TX02114,C0282,2026-01-28 18:51:00,5380.31,UPI,Restaurant,Bengaluru,2961,1438.36,10
TX02977,C0028,2026-01-28 22:57:00,1336.94,UPI,Travel,Dehradun,985,1481.96,5
TX01746,C0326,2026-01-28 23:07:00,1343.15,ATM,Online Shopping,Pune,1817,885.92,8
TX01833,C0236,2026-01-29 00:51:00,1840.71,CARD,Grocery,Bengaluru,3475,1333.69,7
TX02501,C0152,2026-01-29 02:15:00,487.48,BANK_TRANSFER,Utilities,Pune,834,2173.29,10
TX00159,C0323,2026-01-29 02:43:00,698.11,UPI,Restaurant,Chandigarh,3399,1047.79,6
TX00669,C0386,2026-01-29 03:06:00,2199.68,UPI,Travel,Hyderabad,669,2758.11,7
TX02095,C0418,2026-01-29 04:29:00,1337.83,UPI,Travel,Chandigarh,3150,1462.94,6
TX00311,C0321,2026-01-29 05:26:00,802.62,UPI,Grocery,Mumbai,2228,1478.75,5
TX01528,C0003,2026-01-29 05:34:00,52881.06,ATM,Restaurant,Dehradun,890,10038.44,6
TX02980,C0442,2026-01-29 10:06:00,76610.76,ATM,Electronics,Delhi,2330,13944.45,6
TX00617,C0466,2026-05-18 00:25:00,819.23,UPI,Restaurant,Dehradun,814,1073.19,10
TX02592,C0264,2026-01-29 14:02:00,1548.64,CARD,Pharmacy,Jaipur,1691,1643.44,12
TX00071,C0118,2026-01-29 16:44:00,702.61,CARD,Electronics,Bengaluru,1210,880.1,9
TX01943,C0463,2026-01-29 18:27:00,1326.01,UPI,Travel,Hyderabad,184,1001.57,6
TX00655,C0355,2026-01-29 18:55:00,1429.89,UPI,Online Shopping,Mumbai,1473,1643.86,6
TX01915,C0072,2026-01-29 19:37:00,533.93,ATM,Travel,Hyderabad,2169,1789.88,6
TX00929,C0441,2026-01-29 19:37:00,326.17,CARD,Travel,Mumbai,220,1155.62,7
TX02943,C0173,2026-01-29 23:03:00,1236.31,ATM,Utilities,Hyderabad,2969,2082.19,12
TX02298,C0304,2026-01-30 00:42:00,417.56,UPI,Grocery,Jaipur,1564,1235.98,4
TX02484,C0009,2026-01-30 01:34:00,1169.24,CARD,Restaurant,Hyderabad,2199,1370.34,7
TX01597,C0009,2026-01-30 02:06:00,1369.34,CARD,Restaurant,Chandigarh,2199,1370.34,7
TX01241,C0202,2026-01-30 04:07:00,804.6,UPI,Travel,Delhi,2723,1433.21,8
TX01616,C0120,2026-01-30 07:01:00,805.26,BANK_TRANSFER,Grocery,Bengaluru,94,907.98,7
TX00162,C0168,2026-01-30 08:00:00,568.68,ATM,Utilities,Hyderabad,2872,936.62,5
TX00289,C0492,2026-01-30 10:37:00,5379.51,CARD,Restaurant,Hyderabad,1936,2364.12,4
TX00938,C0322,2026-01-30 12:26:00,385.41,CARD,Grocery,Jaipur,1468,1018.23,2
TX01237,C0342,2026-01-30 12:27:00,914.98,UPI,Utilities,Delhi,3200,1396.52,10
TX01224,C0396,2026-01-30 14:20:00,640.3,ATM,Grocery,Bengaluru,2115,1350.36,7
TX01086,C0370,2026-01-30 17:04:00,863.3,ATM,Online Shopping,Jaipur,2899,880.35,5
TX01447,C0478,2026-01-30 18:17:00,1141.62,UPI,Pharmacy,Pune,950,1660.18,8
TX00559,C0481,2026-01-30 18:28:00,1123.11,UPI,Pharmacy,Hyderabad,2905,1255.51,7
TX01649,C0038,2026-01-30 18:56:00,2508.95,ATM,Online Shopping,Pune,1112,1619.85,7
TX00064,C0058,2026-01-30 19:34:00,170.51,CARD,Electronics,Chandigarh,2918,683.86,8
TX01381,C0102,2026-01-30 22:52:00,504.15,ATM,Utilities,Jaipur,485,3389.17,7
TX01114,C0158,2026-01-31 01:27:00,2091.72,UPI,Online Shopping,Dehradun,990,1397.72,9
TX01110,C0440,2026-01-31 05:33:00,177.47,UPI,Restaurant,Jaipur,1169,1641.76,8
TX02742,C0095,2026-01-31 06:13:00,933.95,CARD,Online Shopping,Bengaluru,191,664.87,8
TX00078,C0272,2026-01-31 06:16:00,239.9,UPI,Utilities,Dehradun,2324,1229.08,4
TX01599,C0020,2026-01-31 08:12:00,1199.64,UPI,Utilities,Bengaluru,3410,876.09,7
TX00744,C0198,2026-01-31 08:14:00,151.84,BANK_TRANSFER,Online Shopping,Pune,2759,732.62,6
TX01636,C0332,2026-01-31 08:46:00,1650.92,BANK_TRANSFER,Electronics,Bengaluru,2079,1011.1,4
TX00190,C0114,2026-03-28 19:39:00,432.24,BANK_TRANSFER,Restaurant,Jaipur,2265,1369.22,5
TX00873,C0379,2026-01-31 09:30:00,756.41,UPI,Restaurant,Jaipur,845,1179.34,10
TX02938,C0079,2026-01-31 12:04:00,582.58,ATM,Electronics,Mumbai,64,1323.61,5
TX00633,C0218,2026-01-31 15:45:00,2468.1,CARD,Restaurant,Jaipur,1430,1809.05,6
TX00752,C0350,2026-01-31 17:46:00,2951.21,BANK_TRANSFER,Utilities,Chandigarh,3221,889.42,8
TX00250,C0384,2026-01-31 18:09:00,1395.9,ATM,Pharmacy,Hyderabad,1248,1103.38,3
TX00249,C0223,2026-01-31 18:55:00,1035.89,CARD,Pharmacy,Bengaluru,1798,1223.46,10
TX01578,C0243,2026-01-31 19:31:00,523.79,UPI,Grocery,Mumbai,2519,1051.62,6
TX01922,C0495,2026-01-31 20:03:00,391.32,UPI,Utilities,Mumbai,1145,1169.3,6
TX00332,C0039,2026-01-31 20:16:00,4401.24,ATM,Online Shopping,Chandigarh,2588,2219.73,13
TX01884,C0181,2026-01-31 20:44:00,795.54,BANK_TRANSFER,Restaurant,Pune,1953,1571.77,6
TX02958,C0435,2026-02-01 00:32:00,7382.51,UPI,Online Shopping,Jaipur,210,2267.54,13
TX00979,C0038,2026-02-01 00:57:00,502.4,UPI,Travel,Mumbai,1112,1619.85,7
TX02196,C0367,2026-02-01 04:30:00,3600.68,CARD,Restaurant,Dehradun,1949,3246.92,3
TX02680,C0249,2026-02-01 05:10:00,1051.16,BANK_TRANSFER,Travel,Dehradun,3214,733.79,7
TX00006,C0190,2026-02-01 05:15:00,1222.14,CARD,Grocery,Bengaluru,1089,1475.66,6
TX02471,C0173,2026-02-01 05:29:00,620.02,CARD,Grocery,Hyderabad,2969,2082.19,12
TX01048,C0117,2026-02-01 06:34:00,616.7,ATM,Restaurant,Mumbai,3142,846.39,11
TX02020,C0014,2026-02-01 08:24:00,1125.88,ATM,Restaurant,Pune,2165,1497.51,11
TX01067,C0443,2026-02-01 08:33:00,568.61,ATM,Travel,Bengaluru,1010,1778.61,8
TX01525,C0065,2026-02-01 08:52:00,2011.3,ATM,Restaurant,Pune,271,1912.83,5
TX01994,C0204,2026-02-01 10:49:00,867.82,CARD,Restaurant,Delhi,1081,1309.08,4
TX01371,C0025,2026-02-01 11:17:00,1461.06,CARD,Grocery,Pune,2883,1548.69,12
TX01151,C0481,2026-02-01 11:23:00,1469.38,CARD,Grocery,Mumbai,2905,1255.51,7
TX02285,C0076,2026-02-01 12:50:00,341.74,ATM,Travel,Pune,3529,1922.18,8
TX01149,C0162,2026-02-01 14:10:00,644.94,BANK_TRANSFER,Utilities,Delhi,1058,577.81,3
TX02439,C0002,2026-02-01 14:11:00,1329.08,ATM,Grocery,Hyderabad,3537,1688.5,4
TX02823,C0103,2026-02-01 15:28:00,965.27,UPI,Grocery,Dehradun,3563,979.38,5
TX00761,C0040,2026-02-01 18:38:00,446.29,CARD,Restaurant,Mumbai,2077,1108.32,8
TX02641,C0237,2026-03-21 19:50:00,927.68,CARD,Utilities,Pune,1661,1393.9,8
TX01587,C0241,2026-02-01 20:38:00,408.1,CARD,Travel,Pune,1883,1264.41,4
TX01887,C0378,2026-02-01 20:42:00,1078.92,ATM,Electronics,Bengaluru,1330,1468.4,5
TX00101,C0094,2026-02-02 01:37:00,3931.03,UPI,Restaurant,Hyderabad,1609,3123.91,3
TX01862,C0271,2026-02-02 01:59:00,571.5,CARD,Restaurant,Hyderabad,1469,1621.46,6
TX00126,C0223,2026-02-02 04:44:00,1796.81,ATM,Pharmacy,Chandigarh,1798,1223.46,10
TX02404,C0107,2026-02-02 07:02:00,2425.45,UPI,Online Shopping,Dehradun,2797,1365.91,4
TX02565,C0167,2026-02-02 07:33:00,3894.64,BANK_TRANSFER,Online Shopping,Chandigarh,900,2395.15,4
TX00323,C0275,2026-02-02 08:04:00,2288.15,UPI,Grocery,Jaipur,232,1161.93,5
TX01664,C0081,2026-02-02 09:23:00,1934.89,UPI,Utilities,Hyderabad,3182,1008.34,4
TX02944,C0467,2026-02-02 09:30:00,108.13,BANK_TRANSFER,Electronics,Chandigarh,3205,1233.2,6
TX00841,C0318,2026-02-02 09:51:00,564.78,ATM,Grocery,Pune,1832,1215.04,10
TX02260,C0129,2026-02-02 11:09:00,824.66,CARD,Grocery,Chandigarh,1552,2168.94,5
TX00654,C0113,2026-02-02 12:39:00,667.98,BANK_TRANSFER,Utilities,Pune,793,2407.68,6
TX00845,C0334,2026-02-02 15:05:00,2088.79,CARD,Grocery,Bengaluru,1357,13224.7,5
TX02356,C0224,2026-02-02 17:22:00,1555.67,BANK_TRANSFER,Pharmacy,Dehradun,1312,926.43,9
TX00618,C0092,2026-02-02 19:58:00,638.8,ATM,Restaurant,Chandigarh,2479,2063.22,9
TX02007,C0084,2026-02-02 21:39:00,1241.32,CARD,Electronics,Delhi,3489,1242.41,10
TX00650,C0026,2026-02-02 22:21:00,638.38,BANK_TRANSFER,Utilities,Mumbai,2463,1128.78,6
TX00636,C0073,2026-02-02 23:03:00,1250.39,BANK_TRANSFER,Utilities,Delhi,1420,1403.31,8
TX02744,C0321,2026-02-03 01:40:00,1740.77,BANK_TRANSFER,Pharmacy,Jaipur,2228,1478.75,5
TX02681,C0457,2026-02-03 02:23:00,666.0,UPI,Grocery,Hyderabad,2763,787.98,7
TX02657,C0454,2026-02-03 03:35:00,1248.99,BANK_TRANSFER,Online Shopping,Jaipur,599,1396.8,7
TX01996,C0328,2026-02-03 05:13:00,2362.44,CARD,Electronics,Pune,2423,10347.89,9
TX00939,C0010,2026-02-03 07:54:00,589.85,UPI,Pharmacy,Dehradun,496,12015.85,7
TX01719,C0039,2026-02-03 09:02:00,2415.37,CARD,Utilities,Pune,2588,2219.73,13
TX01979,C0305,2026-02-03 11:26:00,1564.3,CARD,Restaurant,Mumbai,176,2156.1,10
TX00135,C0004,2026-02-03 12:34:00,322.52,ATM,Grocery,Mumbai,1324,1740.16,7
TX01375,C0498,2026-02-03 13:40:00,446.42,UPI,Pharmacy,Jaipur,1853,2188.48,8
TX02137,C0473,2026-04-15 20:02:00,823.97,CARD,Electronics,Bengaluru,1735,1171.05,5
TX00150,C0163,2026-02-03 16:02:00,3744.34,UPI,Restaurant,Bengaluru,3319,1766.91,6
TX02011,C0314,2026-02-03 17:09:00,91.23,ATM,Restaurant,Jaipur,2628,1019.29,7
TX01026,C0405,2026-02-03 18:22:00,1039.76,BANK_TRANSFER,Electronics,Dehradun,3378,1302.6,8
TX00408,C0348,2026-02-03 18:50:00,3287.85,UPI,Restaurant,Jaipur,2229,1870.41,5
TX01710,C0499,2026-02-03 20:26:00,2470.59,UPI,Grocery,Mumbai,2804,2372.4,4
TX02730,C0206,2026-02-03 20:36:00,1871.08,BANK_TRANSFER,Utilities,Pune,1393,776.02,5
TX00158,C0268,2026-02-03 21:35:00,1396.6,ATM,Online Shopping,Delhi,2807,12892.38,6
TX02901,C0233,2026-02-03 21:54:00,6770.64,ATM,Utilities,Mumbai,713,2452.85,8
TX01064,C0017,2026-02-03 21:57:00,510.61,CARD,Online Shopping,Chandigarh,2949,1497.47,8
TX02437,C0158,2026-02-03 22:15:00,719.47,UPI,Pharmacy,Mumbai,990,1397.72,9
TX00619,C0170,2026-02-04 02:37:00,2791.45,CARD,Electronics,Chandigarh,236,4991.01,7
TX00829,C0329,2026-02-04 03:14:00,224.14,CARD,Online Shopping,Chandigarh,653,787.22,4
TX00373,C0252,2026-02-04 08:38:00,2923.07,CARD,Pharmacy,Chandigarh,3182,2559.28,5
TX02059,C0445,2026-02-04 10:15:00,1019.68,ATM,Electronics,Pune,2036,1721.76,9
TX00389,C0054,2026-02-04 11:26:00,759.01,ATM,Online Shopping,Hyderabad,3232,1051.87,5
TX01465,C0293,2026-02-04 12:01:00,2650.33,UPI,Grocery,Bengaluru,3427,1099.67,13
TX00319,C0292,2026-02-04 12:34:00,1182.52,BANK_TRANSFER,Pharmacy,Jaipur,216,2349.0,6
TX02193,C0044,2026-02-04 14:21:00,3053.1,CARD,Travel,Bengaluru,1836,1378.4,4
TX00921,C0289,2026-02-04 15:40:00,1543.74,BANK_TRANSFER,Electronics,Bengaluru,638,1001.91,11
TX01860,C0012,2026-02-04 16:05:00,850.86,BANK_TRANSFER,Travel,Hyderabad,360,1693.95,15
TX01735,C0233,2026-02-04 23:14:00,901.63,ATM,Restaurant,Delhi,713,2452.85,8
TX01619,C0089,2026-02-05 00:15:00,771.47,ATM,Grocery,Chandigarh,1159,1032.79,7
TX02390,C0228,2026-02-05 05:02:00,1481.25,ATM,Grocery,Delhi,1464,1691.74,7
TX00138,C0336,2026-02-05 05:57:00,2640.13,UPI,Grocery,Pune,482,835.86,7
TX00025,C0492,2026-02-05 06:16:00,1303.12,UPI,Online Shopping,Chandigarh,1936,2364.12,4
TX02355,C0305,2026-02-05 10:37:00,4007.83,CARD,Travel,Bengaluru,176,2156.1,10
TX01539,C0432,2026-06-11 17:41:00,1062.77,UPI,Travel,Hyderabad,3450,1403.74,6
TX01097,C0476,2026-02-05 15:34:00,979.07,UPI,Electronics,Jaipur,1920,843.02,9
TX01663,C0461,2026-02-05 15:36:00,2829.68,CARD,Grocery,Bengaluru,1716,2901.41,7
TX01123,C0018,2026-02-05 17:43:00,1020.9,ATM,Travel,Delhi,160,2575.25,2
TX01121,C0424,2026-02-05 18:39:00,1083.21,UPI,Electronics,Dehradun,2554,1705.12,7
TX00981,C0200,2026-02-05 22:29:00,1596.44,ATM,Restaurant,Chandigarh,1627,1901.18,5
TX01159,C0008,2026-02-06 04:16:00,1745.2,UPI,Utilities,Dehradun,1668,1545.23,9
TX01998,C0348,2026-02-06 05:22:00,778.84,ATM,Online Shopping,Hyderabad,2229,1870.41,5
TX01989,C0359,2026-02-06 05:23:00,2021.51,CARD,Pharmacy,Bengaluru,3328,6742.79,6
TX00344,C0317,2026-02-06 07:04:00,1432.52,UPI,Grocery,Dehradun,670,1973.0,4
TX02091,C0354,2026-02-06 07:36:00,682.43,UPI,Utilities,Delhi,1678,2184.55,5
TX00409,C0164,2026-02-06 09:08:00,602.13,ATM,Pharmacy,Chandigarh,532,1496.1,10
TX02167,C0266,2026-02-06 11:56:00,938.51,UPI,Online Shopping,Chandigarh,1106,6751.67,6
TX01783,C0192,2026-02-06 12:08:00,1382.65,CARD,Pharmacy,Pune,1213,1373.95,9
TX00412,C0186,2026-02-06 12:39:00,5424.14,UPI,Online Shopping,Delhi,2826,1819.72,5
TX00943,C0353,2026-02-06 13:08:00,1762.41,UPI,Utilities,Jaipur,616,961.77,7
TX00743,C0277,2026-02-06 14:18:00,1556.68,CARD,Grocery,Delhi,152,1305.17,8
TX02161,C0195,2026-02-06 14:26:00,1172.51,BANK_TRANSFER,Restaurant,Hyderabad,3187,1145.02,6
TX02668,C0226,2026-02-06 15:40:00,414.77,ATM,Travel,Dehradun,739,1273.47,10
TX00893,C0023,2026-02-06 15:56:00,858.89,ATM,Utilities,Delhi,1545,1053.15,5
TX01204,C0085,2026-02-06 16:36:00,513.95,ATM,Electronics,Hyderabad,3103,1118.01,4
TX00996,C0104,2026-02-06 16:44:00,2694.0,UPI,Pharmacy,Bengaluru,1305,1367.55,7
TX02186,C0175,2026-02-06 19:03:00,3938.5,ATM,Pharmacy,Chandigarh,893,2033.56,6
TX01898,C0236,2026-02-06 19:58:00,283.07,BANK_TRANSFER,Online Shopping,Delhi,3475,1333.69,7
TX01711,C0031,2026-02-06 20:18:00,2032.18,BANK_TRANSFER,Electronics,Chandigarh,489,1372.88,3
TX01380,C0478,2026-02-06 20:30:00,995.71,BANK_TRANSFER,Restaurant,Mumbai,950,1660.18,8
TX02158,C0287,2026-02-06 20:39:00,4199.38,CARD,Electronics,Dehradun,2829,17404.88,6
TX01653,C0176,2026-02-06 22:22:00,1371.34,UPI,Grocery,Bengaluru,2820,830.47,4
TX01934,C0214,2026-02-06 23:45:00,427.19,UPI,Online Shopping,Delhi,3332,1332.83,7
TX00163,C0330,2026-02-07 00:54:00,460.64,BANK_TRANSFER,Pharmacy,Jaipur,1046,1364.96,9
TX01408,C0464,2026-02-07 01:05:00,1729.38,ATM,Travel,Delhi,2567,1475.02,3
TX02327,C0102,2026-02-07 03:01:00,672.87,BANK_TRANSFER,Travel,Dehradun,485,3389.17,7
TX02460,C0298,2026-02-07 03:39:00,826.0,CARD,Travel,Dehradun,2841,1050.55,2
TX01647,C0124,2026-02-07 04:38:00,1632.66,CARD,Electronics,Pune,2057,1186.53,4
TX02972,C0436,2026-02-07 06:02:00,1027.01,CARD,Pharmacy,Bengaluru,636,1676.23,8
TX00863,C0361,2026-02-07 07:25:00,1100.68,ATM,Grocery,Delhi,2587,1152.33,8
TX00665,C0028,2026-02-07 11:02:00,1290.92,BANK_TRANSFER,Grocery,Dehradun,985,1481.96,5
TX00697,C0273,2026-02-07 16:22:00,1101.76,BANK_TRANSFER,Restaurant,Jaipur,865,952.51,7
TX01082,C0491,2026-02-07 16:56:00,314.99,UPI,Grocery,Mumbai,1001,1212.99,7
TX01925,C0032,2026-02-07 18:05:00,2655.32,BANK_TRANSFER,Online Shopping,Bengaluru,3415,1670.7,2
TX01991,C0416,2026-02-07 18:46:00,1917.99,ATM,Pharmacy,Mumbai,576,1746.96,5
TX00780,C0441,2026-02-07 19:01:00,832.09,BANK_TRANSFER,Pharmacy,Delhi,220,1155.62,7
TX01549,C0452,2026-02-07 20:55:00,2873.08,CARD,Electronics,Pune,1788,11034.84,6
TX02069,C0213,2026-02-07 21:55:00,508.0,BANK_TRANSFER,Travel,Dehradun,1526,1585.86,6
TX02129,C0493,2026-02-07 23:06:00,1441.89,ATM,Electronics,Hyderabad,2548,1479.52,8
TX02277,C0114,2026-03-28 19:36:00,1294.48,UPI,Pharmacy,Jaipur,2265,1369.22,5
TX01195,C0223,2026-02-08 00:10:00,461.36,UPI,Pharmacy,Hyderabad,1798,1223.46,10
TX00546,C0294,2026-02-08 00:16:00,482.16,BANK_TRANSFER,Grocery,Mumbai,2541,1016.11,5
TX02765,C0068,2026-02-08 01:35:00,968.79,ATM,Grocery,Bengaluru,3447,1273.92,5
TX00967,C0243,2026-02-08 05:45:00,1500.39,CARD,Utilities,Mumbai,2519,1051.62,6
TX00558,C0166,2026-02-08 08:35:00,1671.88,BANK_TRANSFER,Electronics,Hyderabad,427,1412.29,6
TX01225,C0020,2026-02-08 09:21:00,428.65,BANK_TRANSFER,Travel,Hyderabad,3410,876.09,7
TX01642,C0261,2026-02-08 11:13:00,1814.29,BANK_TRANSFER,Travel,Mumbai,3326,1835.09,8
TX02954,C0087,2026-02-08 17:12:00,1508.69,UPI,Online Shopping,Chandigarh,3491,974.03,6
TX01627,C0440,2026-02-08 17:22:00,3979.3,CARD,Pharmacy,Jaipur,1169,1641.76,8
TX00578,C0034,2026-02-08 18:31:00,1862.94,ATM,Online Shopping,Bengaluru,2330,1864.9,7
TX01552,C0293,2026-02-08 19:22:00,867.19,CARD,Grocery,Delhi,3427,1099.67,13
TX01297,C0134,2026-02-08 19:39:00,1388.43,UPI,Travel,Chandigarh,2366,934.96,7
TX00325,C0364,2026-02-08 20:59:00,2176.05,UPI,Travel,Bengaluru,2230,1600.47,7
TX01090,C0337,2026-02-09 00:17:00,596.16,ATM,Electronics,Jaipur,3138,968.33,6
TX02779,C0316,2026-02-09 04:15:00,522.51,ATM,Electronics,Pune,2949,1300.8,10
TX02711,C0216,2026-02-09 16:30:00,328.96,BANK_TRANSFER,Grocery,Bengaluru,3326,1696.45,7
TX02651,C0364,2026-02-09 17:15:00,489.29,CARD,Electronics,Jaipur,2230,1600.47,7
TX00803,C0142,2026-02-09 17:56:00,626.54,CARD,Pharmacy,Mumbai,2212,855.31,4
TX01785,C0285,2026-02-09 19:40:00,5580.27,CARD,Utilities,Chandigarh,1960,1872.85,11
TX01775,C0374,2026-02-09 19:42:00,151.94,UPI,Online Shopping,Chandigarh,190,1273.23,9
TX02458,C0426,2026-02-09 19:57:00,850.96,BANK_TRANSFER,Restaurant,Pune,3474,1054.76,4
TX02518,C0483,2026-02-09 21:46:00,958.67,CARD,Utilities,Mumbai,2980,1072.43,8
TX02062,C0447,2026-02-10 00:25:00,422.58,BANK_TRANSFER,Online Shopping,Hyderabad,3357,9693.25,6
TX02101,C0371,2026-02-10 00:47:00,732.79,BANK_TRANSFER,Online Shopping,Bengaluru,3264,1166.57,10
TX02507,C0345,2026-02-10 00:54:00,1539.19,CARD,Travel,Chandigarh,2285,1927.92,6
TX00793,C0324,2026-02-10 01:34:00,3973.06,BANK_TRANSFER,Utilities,Mumbai,1664,12337.3,7
TX02042,C0307,2026-02-10 02:32:00,459.02,ATM,Grocery,Hyderabad,2941,1054.88,2
TX01617,C0381,2026-02-10 04:47:00,1383.58,UPI,Restaurant,Chandigarh,1949,1054.04,8
TX02339,C0344,2026-02-10 04:58:00,1330.71,ATM,Pharmacy,Jaipur,2893,1583.55,7
TX02522,C0119,2026-02-10 05:08:00,421.34,CARD,Pharmacy,Dehradun,2092,1511.96,7
TX02103,C0246,2026-02-10 06:16:00,3308.8,UPI,Grocery,Bengaluru,3611,1499.62,5
TX02571,C0353,2026-02-10 06:32:00,1900.83,BANK_TRANSFER,Online Shopping,Bengaluru,616,961.77,7
TX01387,C0443,2026-02-10 07:38:00,1006.96,CARD,Grocery,Pune,1010,1778.61,8
TX00454,C0146,2026-02-10 08:47:00,1153.49,CARD,Online Shopping,Jaipur,3007,683.37,9
TX00515,C0438,2026-02-10 09:14:00,1555.61,BANK_TRANSFER,Restaurant,Chandigarh,729,1233.71,3
TX00846,C0373,2026-02-10 10:31:00,1681.23,BANK_TRANSFER,Utilities,Bengaluru,1734,3597.1,7
TX02387,C0293,2026-04-24 08:41:00,1314.78,ATM,Pharmacy,Bengaluru,3427,1099.67,13
TX02171,C0257,2026-02-10 11:18:00,4493.3,ATM,Utilities,Dehradun,2297,1496.4,7
TX01560,C0319,2026-06-22 20:40:00,771.95,CARD,Utilities,Dehradun,2550,958.7,8
TX01524,C0389,2026-02-10 12:41:00,5944.3,UPI,Electronics,Pune,489,4078.39,4
TX02468,C0385,2026-02-10 12:47:00,763.4,CARD,Grocery,Chandigarh,430,973.65,6
TX01691,C0304,2026-02-10 13:26:00,1131.27,CARD,Utilities,Bengaluru,1564,1235.98,4
TX02349,C0405,2026-02-10 15:00:00,3424.34,CARD,Restaurant,Mumbai,3378,1302.6,8
TX01694,C0363,2026-02-10 16:28:00,725.37,BANK_TRANSFER,Restaurant,Jaipur,128,1397.04,5
TX02913,C0017,2026-02-10 18:05:00,3046.18,BANK_TRANSFER,Grocery,Pune,2949,1497.47,8
TX00575,C0340,2026-02-10 18:10:00,1338.05,ATM,Online Shopping,Chandigarh,2086,4014.04,5
TX00729,C0180,2026-02-10 18:33:00,260.79,ATM,Pharmacy,Delhi,125,1006.67,6
TX00260,C0436,2026-02-10 23:14:00,4820.41,CARD,Grocery,Pune,636,1676.23,8
TX00053,C0439,2026-02-10 23:55:00,1960.9,UPI,Grocery,Jaipur,1022,1839.58,3
TX02658,C0406,2026-02-11 02:46:00,976.42,UPI,Pharmacy,Delhi,827,900.82,7
TX01697,C0181,2026-02-11 03:16:00,1211.22,BANK_TRANSFER,Utilities,Pune,1953,1571.77,6
TX00117,C0357,2026-02-11 06:24:00,1465.66,CARD,Travel,Hyderabad,133,672.17,5
TX00789,C0133,2026-04-10 13:59:00,172.96,ATM,Restaurant,Delhi,448,1738.44,11
TX01028,C0110,2026-02-11 08:43:00,2114.54,UPI,Pharmacy,Pune,1106,1361.08,3
TX00267,C0057,2026-02-11 10:26:00,1672.2,CARD,Restaurant,Bengaluru,2098,1173.77,2
TX02306,C0192,2026-02-11 11:28:00,2835.12,ATM,Restaurant,Pune,1213,1373.95,9
TX01384,C0275,2026-02-11 11:47:00,628.05,UPI,Electronics,Delhi,232,1161.93,5
TX00745,C0070,2026-02-11 12:35:00,852.91,BANK_TRANSFER,Electronics,Pune,2975,723.98,3
TX01022,C0407,2026-02-11 13:00:00,1048.87,BANK_TRANSFER,Grocery,Chandigarh,2361,1570.4,9
TX02151,C0424,2026-02-11 14:49:00,2506.33,ATM,Online Shopping,Delhi,2554,1705.12,7
TX02485,C0271,2026-02-11 15:15:00,516.09,BANK_TRANSFER,Pharmacy,Pune,1469,1621.46,6
TX01192,C0182,2026-02-11 16:54:00,840.43,CARD,Electronics,Delhi,1787,1589.53,4
TX01541,C0437,2026-02-11 16:56:00,680.11,ATM,Pharmacy,Hyderabad,3200,888.15,4
TX01138,C0385,2026-02-11 17:53:00,324.58,CARD,Electronics,Chandigarh,430,973.65,6
TX00109,C0474,2026-02-11 18:36:00,1536.38,BANK_TRANSFER,Restaurant,Jaipur,2836,1663.72,8
TX02506,C0202,2026-02-11 18:42:00,2424.61,CARD,Travel,Pune,2723,1433.21,8
TX02648,C0468,2026-02-11 19:33:00,281.82,CARD,Electronics,Bengaluru,3494,943.62,4
TX00179,C0264,2026-02-11 20:07:00,3485.26,ATM,Travel,Bengaluru,1691,1643.44,12
TX01652,C0389,2026-02-11 22:13:00,3451.5,ATM,Grocery,Pune,489,4078.39,4
TX01643,C0395,2026-02-11 22:23:00,1932.3,UPI,Electronics,Dehradun,1723,1404.29,5
TX00198,C0249,2026-02-12 00:19:00,188.5,ATM,Travel,Jaipur,3214,733.79,7
TX00740,C0289,2026-02-12 01:07:00,1014.0,UPI,Grocery,Dehradun,638,1001.91,11
TX01112,C0318,2026-02-12 02:21:00,1341.66,UPI,Restaurant,Dehradun,1832,1215.04,10
TX01423,C0266,2026-02-12 03:26:00,2402.99,BANK_TRANSFER,Online Shopping,Pune,1106,6751.67,6
TX00328,C0091,2026-02-12 04:41:00,5548.2,CARD,Restaurant,Jaipur,732,5548.2,1
TX02643,C0348,2026-02-12 04:43:00,3357.36,UPI,Grocery,Delhi,2229,1870.41,5
TX02006,C0459,2026-02-12 04:47:00,1831.94,CARD,Grocery,Jaipur,3389,1869.6,13
TX01974,C0143,2026-02-12 05:50:00,880.85,CARD,Grocery,Pune,230,1078.24,8
TX02183,C0121,2026-02-12 10:18:00,2452.34,ATM,Travel,Pune,2598,1975.0,5
TX00917,C0500,2026-02-12 10:21:00,1742.86,CARD,Electronics,Mumbai,2012,1242.57,9
TX00684,C0274,2026-02-12 10:37:00,487.34,UPI,Grocery,Pune,3540,789.25,4
TX02509,C0403,2026-02-12 11:09:00,1014.48,BANK_TRANSFER,Online Shopping,Dehradun,2104,1431.04,5
TX01687,C0092,2026-02-12 12:18:00,1946.96,UPI,Electronics,Jaipur,2479,2063.22,9
TX00307,C0339,2026-02-12 12:58:00,2432.05,CARD,Utilities,Hyderabad,3092,3818.22,5
TX01355,C0365,2026-02-12 14:24:00,8171.04,UPI,Electronics,Mumbai,1914,2345.72,10
TX01242,C0158,2026-02-12 14:51:00,1109.32,BANK_TRANSFER,Travel,Dehradun,990,1397.72,9
TX02790,C0287,2026-02-12 14:55:00,341.87,BANK_TRANSFER,Grocery,Pune,2829,17404.88,6
TX01676,C0354,2026-02-12 14:56:00,4226.23,ATM,Travel,Hyderabad,1678,2184.55,5
TX00428,C0220,2026-02-12 15:57:00,554.08,CARD,Pharmacy,Bengaluru,2710,1308.32,9
TX00809,C0356,2026-02-12 19:21:00,428.23,BANK_TRANSFER,Restaurant,Dehradun,1475,752.22,6
TX01298,C0219,2026-02-13 00:28:00,2227.99,ATM,Online Shopping,Dehradun,1336,2353.86,3
TX00630,C0034,2026-02-13 01:19:00,5879.22,UPI,Pharmacy,Jaipur,2330,1864.9,7
TX01928,C0217,2026-02-13 01:24:00,2010.35,CARD,Online Shopping,Mumbai,1438,1409.34,8
TX02274,C0427,2026-02-13 02:03:00,656.49,BANK_TRANSFER,Restaurant,Chandigarh,2595,925.21,8
TX01290,C0117,2026-02-13 02:25:00,510.41,CARD,Pharmacy,Chandigarh,3142,846.39,11
TX00256,C0069,2026-02-13 04:31:00,163.74,ATM,Online Shopping,Dehradun,2642,958.6,10
TX01567,C0153,2026-02-13 04:42:00,762.09,BANK_TRANSFER,Travel,Mumbai,2176,1566.98,7
TX01824,C0175,2026-02-13 07:47:00,2767.44,ATM,Utilities,Dehradun,893,2033.56,6
TX01499,C0416,2026-02-13 08:18:00,3904.32,ATM,Pharmacy,Pune,576,1746.96,5
TX00641,C0214,2026-02-13 09:14:00,984.76,UPI,Electronics,Mumbai,3332,1332.83,7
TX00502,C0446,2026-02-13 11:01:00,1155.16,ATM,Restaurant,Delhi,1214,1388.63,9
TX02328,C0019,2026-02-13 11:31:00,1461.92,UPI,Utilities,Bengaluru,1715,791.2,6
TX01542,C0494,2026-02-13 13:09:00,869.58,CARD,Utilities,Delhi,1196,1584.52,7
TX00679,C0407,2026-02-13 16:18:00,487.67,BANK_TRANSFER,Pharmacy,Jaipur,2361,1570.4,9
TX00007,C0125,2026-02-13 18:54:00,618.7,BANK_TRANSFER,Online Shopping,Dehradun,2725,902.67,5
TX00695,C0039,2026-02-13 22:32:00,693.41,CARD,Online Shopping,Pune,2588,2219.73,13
TX01261,C0246,2026-02-13 22:33:00,997.86,CARD,Electronics,Bengaluru,3611,1499.62,5
TX02473,C0047,2026-02-13 23:50:00,2082.14,UPI,Electronics,Chandigarh,2764,1345.73,9
TX02941,C0343,2026-02-14 00:03:00,981.39,CARD,Restaurant,Jaipur,1712,586.43,2
TX00398,C0224,2026-02-14 01:19:00,283.75,BANK_TRANSFER,Travel,Delhi,1312,926.43,9
TX00111,C0341,2026-02-14 01:31:00,1007.49,CARD,Travel,Chandigarh,3334,928.37,6
TX00629,C0046,2026-02-14 02:09:00,356.61,ATM,Grocery,Bengaluru,3035,984.55,6
TX00717,C0470,2026-02-14 02:35:00,1002.26,ATM,Restaurant,Pune,3277,1135.96,4
TX00172,C0253,2026-02-14 06:39:00,1100.22,ATM,Restaurant,Pune,728,10045.62,6
TX00467,C0461,2026-02-14 08:20:00,5468.27,ATM,Electronics,Bengaluru,1716,2901.41,7
TX00640,C0121,2026-02-14 09:58:00,190.47,ATM,Electronics,Delhi,2598,1975.0,5
TX00906,C0435,2026-02-14 10:03:00,711.61,UPI,Travel,Hyderabad,210,2267.54,13
TX00363,C0173,2026-02-14 10:24:00,269.5,ATM,Electronics,Delhi,2969,2082.19,12
TX00605,C0352,2026-02-14 11:09:00,1788.25,ATM,Restaurant,Pune,657,1649.8,5
TX00801,C0001,2026-02-14 13:31:00,674.26,UPI,Utilities,Hyderabad,3204,1526.54,11
TX00788,C0300,2026-02-14 13:44:00,1874.61,ATM,Grocery,Delhi,1985,4168.31,6
TX01613,C0227,2026-02-14 22:52:00,1225.55,UPI,Utilities,Jaipur,1509,8868.64,10
TX02766,C0173,2026-02-15 02:35:00,7720.12,ATM,Pharmacy,Pune,2969,2082.19,12
TX00291,C0253,2026-02-15 02:38:00,373.44,UPI,Restaurant,Jaipur,728,10045.62,6
TX00785,C0026,2026-02-15 02:46:00,1150.84,CARD,Pharmacy,Bengaluru,2463,1128.78,6
TX02523,C0149,2026-02-15 03:58:00,2920.23,CARD,Electronics,Delhi,532,2098.03,9
TX00384,C0014,2026-02-15 04:20:00,1170.57,UPI,Grocery,Pune,2165,1497.51,11
TX01019,C0297,2026-02-15 04:49:00,2272.42,BANK_TRANSFER,Restaurant,Chandigarh,689,1486.68,2
TX00758,C0387,2026-02-15 08:18:00,2586.65,CARD,Restaurant,Hyderabad,3134,2066.03,7
TX00477,C0476,2026-02-15 08:56:00,236.37,BANK_TRANSFER,Grocery,Dehradun,1920,843.02,9
TX01341,C0406,2026-02-15 09:07:00,660.79,UPI,Grocery,Jaipur,827,900.82,7
TX00262,C0469,2026-02-15 13:54:00,720.31,BANK_TRANSFER,Travel,Delhi,275,1473.48,6
TX01666,C0040,2026-02-15 15:17:00,2092.66,CARD,Utilities,Chandigarh,2077,1108.32,8
TX01448,C0372,2026-02-15 16:38:00,4561.15,BANK_TRANSFER,Restaurant,Mumbai,986,2556.33,3
TX02338,C0129,2026-02-15 17:58:00,1021.3,BANK_TRANSFER,Utilities,Delhi,1552,2168.94,5
TX00018,C0491,2026-02-15 18:55:00,3935.86,BANK_TRANSFER,Pharmacy,Jaipur,1001,1212.99,7
TX01281,C0422,2026-02-15 19:28:00,410.89,UPI,Utilities,Chandigarh,1273,2112.55,11
TX00754,C0152,2026-02-15 19:44:00,6055.65,UPI,Grocery,Chandigarh,834,2173.29,10
TX01485,C0426,2026-02-15 22:33:00,1775.35,UPI,Utilities,Bengaluru,3474,1054.76,4
TX02642,C0279,2026-02-15 23:07:00,1480.56,UPI,Online Shopping,Pune,796,808.66,4
TX00052,C0058,2026-02-16 01:03:00,344.15,BANK_TRANSFER,Travel,Delhi,2918,683.86,8
TX00877,C0132,2026-02-16 04:05:00,4150.1,BANK_TRANSFER,Restaurant,Mumbai,1728,1769.98,5
TX00890,C0125,2026-02-16 06:19:00,709.55,BANK_TRANSFER,Electronics,Dehradun,2725,902.67,5
TX02438,C0146,2026-02-16 11:09:00,583.6,UPI,Travel,Hyderabad,3007,683.37,9
TX00245,C0265,2026-02-16 13:06:00,1100.98,CARD,Grocery,Dehradun,1183,1018.64,3
TX00108,C0218,2026-02-16 16:20:00,1576.01,CARD,Electronics,Hyderabad,1430,1809.05,6
TX01747,C0467,2026-02-16 19:07:00,782.33,BANK_TRANSFER,Utilities,Dehradun,3205,1233.2,6
TX00895,C0143,2026-02-16 20:41:00,240.79,ATM,Grocery,Jaipur,230,1078.24,8
TX01161,C0313,2026-02-17 00:09:00,884.77,ATM,Travel,Hyderabad,1693,1185.52,7
TX02731,C0276,2026-02-17 00:52:00,171.09,UPI,Pharmacy,Bengaluru,3285,723.73,3
TX02504,C0060,2026-05-28 19:25:00,287.55,UPI,Online Shopping,Mumbai,1327,1354.0,7
TX01920,C0338,2026-02-17 02:56:00,1343.46,BANK_TRANSFER,Online Shopping,Jaipur,1213,1187.53,4
TX01013,C0378,2026-02-17 03:35:00,3403.07,UPI,Travel,Delhi,1330,1468.4,5
TX01117,C0429,2026-02-17 05:49:00,4565.25,UPI,Pharmacy,Pune,1798,2087.21,3
TX01129,C0194,2026-02-17 06:32:00,1601.36,CARD,Online Shopping,Dehradun,3344,1728.11,4
TX00779,C0062,2026-02-17 08:54:00,1703.51,CARD,Electronics,Mumbai,630,1819.25,7
TX02436,C0420,2026-06-19 13:05:00,1528.21,UPI,Electronics,Chandigarh,46,1830.31,8
TX00069,C0096,2026-02-17 12:48:00,542.24,UPI,Travel,Delhi,231,1185.61,7
TX01002,C0496,2026-02-17 15:59:00,1844.87,CARD,Electronics,Hyderabad,3455,1283.51,6
TX02326,C0132,2026-02-17 18:29:00,655.08,BANK_TRANSFER,Grocery,Bengaluru,1728,1769.98,5
TX00598,C0008,2026-02-17 18:56:00,808.48,ATM,Online Shopping,Bengaluru,1668,1545.23,9
TX01068,C0364,2026-02-17 21:27:00,1027.03,BANK_TRANSFER,Utilities,Hyderabad,2230,1600.47,7
TX01283,C0017,2026-02-18 01:03:00,2089.56,ATM,Travel,Mumbai,2949,1497.47,8
TX00437,C0371,2026-02-18 01:55:00,1389.36,ATM,Utilities,Delhi,3264,1166.57,10
TX02154,C0164,2026-02-18 03:47:00,1896.93,BANK_TRANSFER,Electronics,Delhi,532,1496.1,10
TX01070,C0179,2026-02-18 05:10:00,681.38,CARD,Travel,Chandigarh,1050,1119.18,6
TX01853,C0162,2026-02-18 12:27:00,551.99,BANK_TRANSFER,Electronics,Chandigarh,1058,577.81,3
TX00842,C0444,2026-02-18 13:47:00,563.41,ATM,Travel,Pune,3005,1403.58,8
TX02734,C0266,2026-02-18 14:23:00,2006.04,UPI,Utilities,Chandigarh,1106,6751.67,6
TX02233,C0217,2026-02-18 14:35:00,667.88,CARD,Grocery,Pune,1438,1409.34,8
TX00351,C0348,2026-02-18 14:45:00,1484.31,UPI,Travel,Dehradun,2229,1870.41,5
TX00566,C0081,2026-02-18 14:56:00,345.53,BANK_TRANSFER,Restaurant,Mumbai,3182,1008.34,4
TX01742,C0344,2026-02-18 16:58:00,903.16,CARD,Pharmacy,Jaipur,2893,1583.55,7
TX00463,C0342,2026-05-04 12:03:00,531.39,ATM,Electronics,Chandigarh,3200,1396.52,10
TX00193,C0413,2026-02-18 19:34:00,1680.56,CARD,Pharmacy,Chandigarh,845,982.54,4
TX00671,C0154,2026-02-18 20:37:00,1186.96,UPI,Utilities,Pune,2761,1193.2,11
TX00552,C0347,2026-02-18 23:08:00,659.96,BANK_TRANSFER,Restaurant,Chandigarh,433,1182.78,5
TX01025,C0101,2026-02-18 23:51:00,1290.15,ATM,Utilities,Jaipur,3372,1325.08,9
TX02708,C0429,2026-02-19 00:56:00,1201.28,BANK_TRANSFER,Online Shopping,Mumbai,1798,2087.21,3
TX02353,C0473,2026-04-15 19:56:00,1893.65,ATM,Utilities,Delhi,1735,1171.05,5
TX01590,C0262,2026-02-19 02:04:00,1024.85,BANK_TRANSFER,Pharmacy,Dehradun,2462,1230.77,8
TX02931,C0247,2026-02-19 03:28:00,436.69,CARD,Grocery,Hyderabad,3487,993.61,7
TX01630,C0476,2026-02-19 05:06:00,267.33,UPI,Utilities,Delhi,1920,843.02,9
TX01769,C0192,2026-02-06 12:08:00,567.3,BANK_TRANSFER,Grocery,Hyderabad,1213,1373.95,9
TX01407,C0374,2026-02-19 06:45:00,563.73,ATM,Pharmacy,Dehradun,190,1273.23,9
TX01828,C0459,2026-04-04 10:35:00,2792.61,UPI,Utilities,Mumbai,3389,1869.6,13
TX01764,C0352,2026-02-19 08:38:00,591.3,UPI,Utilities,Bengaluru,657,1649.8,5
TX00741,C0437,2026-02-19 09:09:00,947.95,BANK_TRANSFER,Travel,Dehradun,3200,888.15,4
TX02617,C0442,2026-02-19 10:07:00,1110.88,BANK_TRANSFER,Utilities,Hyderabad,2330,13944.45,6
TX01554,C0485,2026-02-19 11:01:00,17467.98,UPI,Travel,Dehradun,714,3141.51,10
TX02526,C0432,2026-02-19 11:15:00,3031.71,CARD,Online Shopping,Dehradun,3450,1403.74,6
TX02347,C0199,2026-02-19 13:41:00,2979.22,CARD,Restaurant,Pune,2634,2018.79,4
TX01277,C0341,2026-02-19 13:42:00,546.68,BANK_TRANSFER,Travel,Dehradun,3334,928.37,6
TX02149,C0261,2026-02-19 13:57:00,2424.1,BANK_TRANSFER,Utilities,Hyderabad,3326,1835.09,8
TX02398,C0364,2026-02-19 15:48:00,1332.11,BANK_TRANSFER,Pharmacy,Chandigarh,2230,1600.47,7
TX01490,C0227,2026-02-19 17:18:00,76722.46,BANK_TRANSFER,Restaurant,Delhi,1509,8868.64,10
TX01584,C0313,2026-02-19 18:13:00,1358.66,CARD,Restaurant,Hyderabad,1693,1185.52,7
TX00715,C0228,2026-02-19 18:34:00,819.07,BANK_TRANSFER,Online Shopping,Delhi,1464,1691.74,7
TX01684,C0147,2026-02-19 19:00:00,1757.17,CARD,Grocery,Chandigarh,3134,1314.94,8
TX02865,C0376,2026-02-19 20:06:00,260.87,ATM,Online Shopping,Hyderabad,2878,1700.21,8
TX00432,C0046,2026-02-19 21:25:00,3248.29,ATM,Travel,Jaipur,3035,984.55,6
TX01190,C0500,2026-02-19 21:38:00,845.57,BANK_TRANSFER,Travel,Mumbai,2012,1242.57,9
TX02223,C0012,2026-02-19 22:06:00,520.4,UPI,Pharmacy,Dehradun,360,1693.95,15
TX01372,C0039,2026-02-19 23:18:00,1410.37,CARD,Restaurant,Hyderabad,2588,2219.73,13
TX00013,C0180,2026-02-20 02:19:00,1125.4,UPI,Restaurant,Jaipur,125,1006.67,6
TX00457,C0177,2026-02-20 04:03:00,4288.24,BANK_TRANSFER,Pharmacy,Delhi,3342,7710.19,9
TX00490,C0458,2026-03-01 07:12:00,2340.32,BANK_TRANSFER,Online Shopping,Pune,655,3060.46,6
TX01366,C0217,2026-02-20 04:38:00,1758.49,ATM,Restaurant,Delhi,1438,1409.34,8
TX01296,C0287,2026-02-20 06:36:00,564.09,UPI,Pharmacy,Hyderabad,2829,17404.88,6
TX00523,C0236,2026-02-20 10:21:00,1596.64,CARD,Grocery,Jaipur,3475,1333.69,7
TX00688,C0015,2026-02-20 12:25:00,617.42,UPI,Travel,Hyderabad,3474,2507.41,6
TX00731,C0320,2026-02-20 14:25:00,1402.63,BANK_TRANSFER,Grocery,Pune,1999,1236.38,8
TX01058,C0386,2026-02-20 14:40:00,388.78,BANK_TRANSFER,Restaurant,Dehradun,669,2758.11,7
TX00436,C0082,2026-02-20 16:58:00,154.72,UPI,Electronics,Delhi,1985,1235.6,8
TX00219,C0268,2026-02-20 17:26:00,66163.94,UPI,Travel,Pune,2807,12892.38,6
TX02174,C0264,2026-02-20 18:41:00,2958.35,BANK_TRANSFER,Restaurant,Dehradun,1691,1643.44,12
TX02758,C0482,2026-02-20 20:54:00,216.22,CARD,Grocery,Pune,1559,1328.18,10
TX00377,C0147,2026-02-20 20:55:00,1191.45,ATM,Grocery,Pune,3134,1314.94,8
TX01061,C0475,2026-02-21 00:16:00,446.14,BANK_TRANSFER,Grocery,Delhi,567,1604.89,4
TX00628,C0346,2026-02-21 03:56:00,891.69,CARD,Travel,Dehradun,1184,584.86,5
TX00352,C0190,2026-02-21 04:28:00,844.4,CARD,Travel,Hyderabad,1089,1475.66,6
TX00800,C0047,2026-02-21 04:36:00,1953.24,ATM,Electronics,Delhi,2764,1345.73,9
TX02551,C0167,2026-02-21 04:41:00,2643.73,BANK_TRANSFER,Travel,Pune,900,2395.15,4
TX01942,C0160,2026-02-21 04:55:00,4014.56,ATM,Grocery,Mumbai,1515,1445.65,10
TX01878,C0500,2026-02-21 05:31:00,3226.0,BANK_TRANSFER,Utilities,Jaipur,2012,1242.57,9
TX00396,C0012,2026-02-21 06:14:00,1160.64,ATM,Travel,Hyderabad,360,1693.95,15
TX02896,C0112,2026-02-21 06:42:00,2407.87,UPI,Pharmacy,Chandigarh,2294,2501.72,4
TX02625,C0208,2026-02-21 07:27:00,179.17,CARD,Electronics,Dehradun,1384,19492.11,4
TX02179,C0064,2026-02-21 09:16:00,763.94,ATM,Travel,Bengaluru,2091,605.36,3
TX00403,C0408,2026-02-21 09:19:00,3980.92,CARD,Restaurant,Dehradun,2956,1834.16,5
TX01698,C0170,2026-02-21 09:38:00,4333.56,ATM,Pharmacy,Mumbai,236,4991.01,7
TX01702,C0422,2026-02-21 11:24:00,1425.34,UPI,Electronics,Dehradun,1273,2112.55,11
TX01382,C0354,2026-02-21 13:18:00,1777.09,UPI,Online Shopping,Pune,1678,2184.55,5
TX02056,C0202,2026-02-21 18:48:00,795.2,ATM,Restaurant,Mumbai,2723,1433.21,8
TX01992,C0041,2026-02-21 21:02:00,1466.54,UPI,Restaurant,Chandigarh,3577,1063.19,5
TX00985,C0302,2026-02-21 21:03:00,312.83,ATM,Travel,Dehradun,1399,1227.65,9
TX00964,C0411,2026-02-22 00:37:00,1320.93,BANK_TRANSFER,Travel,Bengaluru,482,2120.45,5
TX01648,C0463,2026-02-22 02:05:00,1013.42,UPI,Pharmacy,Bengaluru,184,1001.57,6
TX01640,C0040,2026-02-22 02:08:00,2678.93,CARD,Utilities,Dehradun,2077,1108.32,8
TX02903,C0436,2026-02-22 02:55:00,614.25,BANK_TRANSFER,Pharmacy,Chandigarh,636,1676.23,8
TX00919,C0111,2026-02-22 04:38:00,45488.06,CARD,Restaurant,Jaipur,821,5289.47,11
TX01131,C0113,2026-02-22 06:49:00,2547.28,ATM,Pharmacy,Delhi,793,2407.68,6
TX00642,C0239,2026-02-22 10:35:00,298.55,UPI,Electronics,Dehradun,3334,1895.07,10
TX01629,C0123,2026-02-22 11:34:00,1457.56,CARD,Restaurant,Hyderabad,1182,1263.45,3
TX00485,C0023,2026-02-22 12:55:00,1453.95,CARD,Restaurant,Chandigarh,1545,1053.15,5
TX00314,C0145,2026-02-22 14:54:00,1008.32,BANK_TRANSFER,Pharmacy,Pune,809,1571.04,11
TX01782,C0270,2026-02-22 15:46:00,2477.82,CARD,Restaurant,Delhi,1763,1030.58,5
TX01628,C0323,2026-02-22 18:29:00,635.31,UPI,Travel,Chandigarh,3399,1047.79,6
TX02097,C0262,2026-04-01 09:50:00,2288.61,UPI,Grocery,Chandigarh,2462,1230.77,8
TX01558,C0295,2026-02-22 22:03:00,1102.51,ATM,Travel,Hyderabad,3450,1102.06,5
TX02692,C0262,2026-02-22 22:26:00,2105.86,UPI,Grocery,Chandigarh,2462,1230.77,8
TX02383,C0012,2026-02-22 23:21:00,524.39,UPI,Grocery,Mumbai,360,1693.95,15
TX00168,C0012,2026-02-23 02:30:00,5882.36,BANK_TRANSFER,Restaurant,Delhi,360,1693.95,15
TX02780,C0447,2026-02-23 06:48:00,1079.48,UPI,Travel,Hyderabad,3357,9693.25,6
TX02105,C0268,2026-02-23 07:34:00,6366.79,CARD,Pharmacy,Delhi,2807,12892.38,6
TX02134,C0111,2026-02-23 08:01:00,1860.11,BANK_TRANSFER,Electronics,Hyderabad,821,5289.47,11
TX01428,C0282,2026-02-23 12:14:00,1825.91,CARD,Restaurant,Dehradun,2961,1438.36,10
TX02636,C0136,2026-02-23 13:00:00,3033.9,UPI,Grocery,Delhi,1826,1879.13,8
TX02851,C0086,2026-02-23 17:18:00,2789.14,UPI,Electronics,Mumbai,1051,1276.73,7
TX02993,C0337,2026-02-23 17:50:00,983.54,ATM,Restaurant,Chandigarh,3138,968.33,6
TX02080,C0020,2026-02-23 21:15:00,623.75,CARD,Online Shopping,Mumbai,3410,876.09,7
TX00094,C0185,2026-02-23 23:19:00,924.23,UPI,Grocery,Dehradun,2308,2062.03,3
TX00594,C0095,2026-02-23 23:36:00,772.5,BANK_TRANSFER,Electronics,Hyderabad,191,664.87,8
TX01568,C0199,2026-02-23 23:42:00,3143.26,BANK_TRANSFER,Utilities,Hyderabad,2634,2018.79,4
TX01450,C0483,2026-02-24 00:02:00,149.59,BANK_TRANSFER,Restaurant,Chandigarh,2980,1072.43,8
TX01074,C0455,2026-02-24 00:17:00,3157.58,BANK_TRANSFER,Restaurant,Hyderabad,1376,11810.65,9
TX00694,C0202,2026-02-24 02:10:00,426.74,ATM,Pharmacy,Chandigarh,2723,1433.21,8
TX00935,C0254,2026-02-24 03:15:00,1595.2,ATM,Utilities,Jaipur,2190,2538.35,5
TX02441,C0077,2026-02-24 03:56:00,392.09,CARD,Pharmacy,Bengaluru,2586,1233.34,5
TX02418,C0470,2026-02-24 04:03:00,466.59,BANK_TRANSFER,Travel,Hyderabad,3277,1135.96,4
TX00484,C0437,2026-02-24 04:39:00,652.61,CARD,Grocery,Chandigarh,3200,888.15,4
TX00241,C0445,2026-02-24 05:49:00,94.45,BANK_TRANSFER,Restaurant,Dehradun,2036,1721.76,9
TX00885,C0295,2026-02-24 06:44:00,2602.59,ATM,Grocery,Jaipur,3450,1102.06,5
TX02733,C0256,2026-02-24 07:02:00,1400.83,CARD,Grocery,Jaipur,671,1344.76,6
TX00858,C0060,2026-02-24 07:20:00,3576.01,UPI,Utilities,Pune,1327,1354.0,7
TX01725,C0077,2026-02-24 10:30:00,3386.67,BANK_TRANSFER,Utilities,Mumbai,2586,1233.34,5
TX01947,C0092,2026-02-24 13:04:00,4127.92,UPI,Grocery,Chandigarh,2479,2063.22,9
TX01150,C0380,2026-02-24 19:18:00,10555.42,ATM,Grocery,Mumbai,1557,2726.98,6
TX00848,C0459,2026-04-04 10:38:00,398.12,BANK_TRANSFER,Travel,Bengaluru,3389,1869.6,13
TX01502,C0379,2026-02-24 20:56:00,569.9,ATM,Electronics,Delhi,845,1179.34,10
TX00592,C0183,2026-02-24 23:21:00,1457.79,BANK_TRANSFER,Travel,Bengaluru,2562,3015.84,6
TX01598,C0099,2026-02-25 00:13:00,343.34,BANK_TRANSFER,Travel,Jaipur,2347,2043.25,6
TX00354,C0369,2026-02-25 04:08:00,869.55,ATM,Pharmacy,Hyderabad,367,2083.23,7
TX00860,C0349,2026-05-02 09:40:00,299.97,ATM,Utilities,Bengaluru,2131,1475.19,8
TX02376,C0450,2026-02-25 07:39:00,659.82,UPI,Travel,Delhi,2095,8258.79,12
TX02060,C0093,2026-02-25 08:35:00,225.38,UPI,Restaurant,Mumbai,2807,1845.66,6
TX00145,C0475,2026-02-25 11:27:00,478.2,ATM,Restaurant,Chandigarh,567,1604.89,4
TX02916,C0425,2026-06-26 17:35:00,2621.48,CARD,Utilities,Jaipur,1099,1134.93,8
TX01714,C0394,2026-02-25 13:26:00,1940.17,UPI,Pharmacy,Dehradun,2827,3538.42,6
TX00005,C0063,2026-02-25 15:08:00,1023.77,CARD,Travel,Bengaluru,2393,1534.34,9
TX00660,C0127,2026-02-25 15:37:00,720.16,CARD,Online Shopping,Chandigarh,3164,2217.58,4
TX00784,C0392,2026-02-25 16:58:00,1257.75,CARD,Utilities,Bengaluru,3476,2284.46,4
TX00959,C0047,2026-02-25 17:21:00,3357.6,CARD,Electronics,Hyderabad,2764,1345.73,9
TX02979,C0491,2026-02-25 18:53:00,348.83,UPI,Travel,Dehradun,1001,1212.99,7
TX01960,C0414,2026-02-25 19:27:00,203.15,BANK_TRANSFER,Grocery,Hyderabad,688,613.92,5
TX00680,C0238,2026-02-25 20:08:00,3127.21,BANK_TRANSFER,Travel,Chandigarh,1525,21875.97,4
TX00966,C0115,2026-02-25 20:38:00,1348.93,CARD,Grocery,Jaipur,409,1421.19,5
TX00456,C0239,2026-02-26 00:07:00,1618.23,BANK_TRANSFER,Utilities,Mumbai,3334,1895.07,10
TX01053,C0244,2026-02-26 04:49:00,1367.77,BANK_TRANSFER,Travel,Pune,593,1245.03,3
TX01874,C0079,2026-02-26 08:17:00,766.05,UPI,Pharmacy,Chandigarh,64,1323.61,5
TX00861,C0328,2026-02-26 08:23:00,1343.38,CARD,Pharmacy,Bengaluru,2423,10347.89,9
TX00899,C0225,2026-02-26 10:13:00,314.04,ATM,Pharmacy,Bengaluru,3460,1052.93,4
TX01780,C0210,2026-02-26 10:53:00,358.18,UPI,Grocery,Delhi,1559,944.86,4
TX00776,C0094,2026-02-26 11:00:00,4490.69,ATM,Travel,Delhi,1609,3123.91,3
TX00316,C0217,2026-02-26 11:04:00,853.96,BANK_TRANSFER,Grocery,Hyderabad,1438,1409.34,8
TX01788,C0251,2026-02-26 12:44:00,771.58,CARD,Utilities,Delhi,3029,1332.78,9
TX02088,C0420,2026-02-26 13:17:00,224.03,UPI,Grocery,Jaipur,46,1830.31,8
TX01562,C0344,2026-02-26 14:56:00,2363.17,CARD,Restaurant,Jaipur,2893,1583.55,7
TX02740,C0289,2026-02-26 15:52:00,716.77,UPI,Pharmacy,Dehradun,638,1001.91,11
TX02456,C0312,2026-02-26 16:50:00,2154.01,CARD,Pharmacy,Delhi,1989,2241.79,7
TX01062,C0418,2026-02-26 19:53:00,1201.14,CARD,Pharmacy,Chandigarh,3150,1462.94,6
TX01317,C0363,2026-02-26 21:22:00,1189.14,CARD,Online Shopping,Dehradun,128,1397.04,5
TX01267,C0442,2026-02-26 21:57:00,3385.47,UPI,Online Shopping,Bengaluru,2330,13944.45,6
TX01705,C0133,2026-04-10 14:05:00,1179.63,CARD,Utilities,Mumbai,448,1738.44,11
TX00127,C0394,2026-02-27 06:52:00,3980.31,UPI,Travel,Dehradun,2827,3538.42,6
TX01338,C0111,2026-02-27 10:21:00,479.6,BANK_TRANSFER,Online Shopping,Bengaluru,821,5289.47,11
TX01726,C0477,2026-02-27 18:10:00,788.2,BANK_TRANSFER,Utilities,Bengaluru,1871,2005.42,8
TX00505,C0488,2026-02-27 19:26:00,3626.4,BANK_TRANSFER,Travel,Bengaluru,2589,2487.2,2
TX01221,C0195,2026-02-27 21:49:00,1945.46,CARD,Pharmacy,Mumbai,3187,1145.02,6
TX01293,C0469,2026-02-28 00:10:00,4520.88,ATM,Travel,Jaipur,275,1473.48,6
TX01635,C0226,2026-02-28 02:19:00,205.03,BANK_TRANSFER,Utilities,Dehradun,739,1273.47,10
TX02286,C0475,2026-02-28 05:05:00,3744.61,BANK_TRANSFER,Restaurant,Dehradun,567,1604.89,4
TX01954,C0353,2026-02-28 05:41:00,368.76,ATM,Utilities,Chandigarh,616,961.77,7
TX02045,C0454,2026-02-28 05:42:00,2187.92,UPI,Travel,Mumbai,599,1396.8,7
TX02511,C0458,2026-02-28 10:11:00,9009.78,BANK_TRANSFER,Pharmacy,Hyderabad,655,3060.46,6
TX01008,C0127,2026-02-28 11:25:00,1803.19,UPI,Travel,Pune,3164,2217.58,4
TX01065,C0128,2026-02-28 11:38:00,3130.31,UPI,Pharmacy,Mumbai,1192,1856.42,4
TX01203,C0151,2026-02-28 13:08:00,1126.02,BANK_TRANSFER,Online Shopping,Bengaluru,1781,1515.67,7
TX00098,C0069,2026-02-28 17:44:00,4793.25,BANK_TRANSFER,Utilities,Jaipur,2642,958.6,10
TX02930,C0203,2026-04-01 00:19:00,3477.21,ATM,Restaurant,Hyderabad,825,1415.33,4
TX00691,C0119,2026-02-28 20:53:00,826.51,ATM,Grocery,Hyderabad,2092,1511.96,7
TX00824,C0130,2026-02-28 22:17:00,751.47,UPI,Grocery,Mumbai,2670,996.99,12
TX01073,C0025,2026-03-01 02:29:00,278.84,BANK_TRANSFER,Utilities,Jaipur,2883,1548.69,12
TX02999,C0329,2026-03-01 04:03:00,476.23,ATM,Travel,Dehradun,653,787.22,4
TX02663,C0161,2026-03-01 04:04:00,1082.12,BANK_TRANSFER,Online Shopping,Chandigarh,2720,1554.39,9
TX01194,C0398,2026-01-17 20:55:00,2717.66,BANK_TRANSFER,Restaurant,Dehradun,3466,1422.34,4
TX00701,C0126,2026-06-21 12:19:00,647.72,UPI,Utilities,Dehradun,1525,841.99,7
TX02275,C0458,2026-03-01 07:06:00,1885.27,UPI,Grocery,Hyderabad,655,3060.46,6
TX02789,C0467,2026-03-01 13:21:00,2981.72,UPI,Pharmacy,Delhi,3205,1233.2,6
TX01761,C0278,2026-03-01 14:30:00,1047.44,CARD,Utilities,Mumbai,430,980.9,3
TX00847,C0376,2026-03-01 15:30:00,674.63,UPI,Grocery,Dehradun,2878,1700.21,8
TX02662,C0288,2026-03-01 20:33:00,582.46,UPI,Restaurant,Delhi,2221,1260.21,11
TX02444,C0345,2026-03-01 21:21:00,2926.53,ATM,Utilities,Chandigarh,2285,1927.92,6
TX01482,C0161,2026-03-01 22:03:00,2974.27,BANK_TRANSFER,Restaurant,Delhi,2720,1554.39,9
TX00218,C0037,2026-03-01 23:57:00,1204.59,BANK_TRANSFER,Travel,Pune,504,13505.11,4
TX00606,C0195,2026-03-02 00:41:00,1575.32,ATM,Online Shopping,Dehradun,3187,1145.02,6
TX01395,C0303,2026-03-02 01:09:00,534.44,BANK_TRANSFER,Travel,Jaipur,2016,1221.65,13
TX00700,C0474,2026-03-02 02:32:00,441.75,BANK_TRANSFER,Restaurant,Delhi,2836,1663.72,8
TX02965,C0277,2026-03-02 04:20:00,159.96,BANK_TRANSFER,Pharmacy,Mumbai,152,1305.17,8
TX02364,C0456,2026-03-02 05:14:00,79269.3,UPI,Electronics,Hyderabad,1925,16540.77,5
TX01638,C0009,2026-03-02 07:28:00,1506.64,ATM,Travel,Bengaluru,2199,1370.34,7
TX01559,C0440,2026-03-02 10:15:00,663.32,BANK_TRANSFER,Grocery,Dehradun,1169,1641.76,8
TX00990,C0104,2026-03-02 12:04:00,198.56,BANK_TRANSFER,Electronics,Chandigarh,1305,1367.55,7
TX02603,C0130,2026-03-02 12:06:00,1873.28,ATM,Online Shopping,Mumbai,2670,996.99,12
TX00449,C0005,2026-03-02 12:23:00,394.0,CARD,Restaurant,Jaipur,1160,1298.9,11
TX01498,C0274,2026-03-02 12:33:00,725.61,BANK_TRANSFER,Grocery,Bengaluru,3540,789.25,4
TX01419,C0365,2026-03-02 13:40:00,4270.64,UPI,Online Shopping,Bengaluru,1914,2345.72,10
TX00425,C0417,2026-03-02 14:44:00,1947.08,CARD,Restaurant,Chandigarh,1245,1266.79,7
TX00862,C0267,2026-03-02 16:38:00,1711.14,UPI,Pharmacy,Mumbai,1737,6714.52,8
TX02920,C0048,2026-03-02 17:42:00,506.37,UPI,Utilities,Bengaluru,3035,1340.63,3
TX01751,C0233,2026-03-02 23:22:00,2071.8,UPI,Grocery,Chandigarh,713,2452.85,8
TX02494,C0208,2026-03-03 00:54:00,3253.06,ATM,Online Shopping,Pune,1384,19492.11,4
TX02811,C0329,2026-03-03 03:48:00,1592.1,ATM,Utilities,Hyderabad,653,787.22,4
TX00395,C0459,2026-03-03 03:56:00,6938.52,UPI,Travel,Mumbai,3389,1869.6,13
TX00216,C0190,2026-03-03 05:36:00,2891.01,BANK_TRANSFER,Online Shopping,Mumbai,1089,1475.66,6
TX01689,C0059,2026-03-03 06:01:00,15163.0,CARD,Grocery,Delhi,2244,3937.48,7
TX01163,C0323,2026-03-03 06:13:00,2030.82,UPI,Online Shopping,Mumbai,3399,1047.79,6
TX00487,C0053,2026-03-03 06:48:00,3354.42,UPI,Electronics,Delhi,1558,2450.53,6
TX00587,C0459,2026-03-03 13:35:00,534.71,ATM,Utilities,Pune,3389,1869.6,13
TX02831,C0308,2026-03-03 17:24:00,777.3,BANK_TRANSFER,Utilities,Bengaluru,1764,1067.63,6
TX01115,C0285,2026-03-03 20:54:00,814.86,ATM,Pharmacy,Chandigarh,1960,1872.85,11
TX01001,C0356,2026-03-03 20:57:00,194.02,CARD,Grocery,Delhi,1475,752.22,6
TX01397,C0318,2026-03-03 21:15:00,1264.46,ATM,Travel,Jaipur,1832,1215.04,10
TX00936,C0196,2026-03-03 22:30:00,2931.02,BANK_TRANSFER,Grocery,Hyderabad,1849,2056.8,7
TX00407,C0122,2026-03-03 22:44:00,810.55,UPI,Grocery,Hyderabad,1397,1231.77,8
TX01279,C0356,2026-03-03 22:53:00,832.57,ATM,Restaurant,Jaipur,1475,752.22,6
TX00296,C0168,2026-03-03 23:43:00,374.56,CARD,Travel,Delhi,2872,936.62,5
TX02876,C0338,2026-03-04 00:35:00,627.58,CARD,Electronics,Hyderabad,1213,1187.53,4
TX02343,C0213,2026-03-04 01:18:00,4719.74,BANK_TRANSFER,Online Shopping,Dehradun,1526,1585.86,6
TX01532,C0158,2026-03-04 04:28:00,646.3,CARD,Electronics,Delhi,990,1397.72,9
TX00517,C0259,2026-03-04 05:54:00,3366.57,ATM,Travel,Pune,884,1730.84,6
TX00224,C0217,2026-03-04 06:14:00,495.38,ATM,Grocery,Hyderabad,1438,1409.34,8
TX01188,C0400,2026-03-04 08:00:00,409.0,CARD,Travel,Bengaluru,2515,676.89,6
TX00140,C0258,2026-03-04 15:24:00,2724.35,ATM,Utilities,Pune,1619,1767.3,5
TX01335,C0310,2026-03-04 16:13:00,478.14,UPI,Electronics,Jaipur,518,1491.13,8
TX00452,C0374,2026-03-04 17:57:00,2401.26,UPI,Utilities,Bengaluru,190,1273.23,9
TX01797,C0134,2026-03-04 19:46:00,344.06,BANK_TRANSFER,Pharmacy,Mumbai,2366,934.96,7
TX01452,C0443,2026-03-04 20:55:00,1441.98,UPI,Electronics,Dehradun,1010,1778.61,8
TX01575,C0063,2026-03-04 22:02:00,557.5,BANK_TRANSFER,Travel,Delhi,2393,1534.34,9
TX00149,C0178,2026-03-04 22:39:00,1555.64,ATM,Online Shopping,Jaipur,593,1518.59,9
TX00343,C0456,2026-03-04 22:49:00,1432.85,ATM,Travel,Delhi,1925,16540.77,5
TX01234,C0428,2026-03-05 00:29:00,3016.6,CARD,Online Shopping,Chandigarh,2176,1204.34,8
TX02528,C0143,2026-03-05 02:32:00,756.24,ATM,Travel,Chandigarh,230,1078.24,8
TX00834,C0408,2026-03-05 04:25:00,2245.22,UPI,Restaurant,Dehradun,2956,1834.16,5
TX00835,C0038,2026-03-05 09:02:00,2946.49,UPI,Grocery,Delhi,1112,1619.85,7
TX01170,C0249,2026-03-05 11:14:00,1140.85,UPI,Grocery,Mumbai,3214,733.79,7
TX02544,C0263,2026-03-05 11:26:00,268.8,UPI,Travel,Mumbai,3504,7253.01,5
TX00342,C0476,2026-03-05 11:41:00,861.36,ATM,Electronics,Pune,1920,843.02,9
TX01975,C0482,2026-03-05 12:39:00,4139.34,UPI,Travel,Bengaluru,1559,1328.18,10
TX00410,C0090,2026-03-05 14:02:00,815.24,BANK_TRANSFER,Utilities,Mumbai,1530,1289.35,9
TX02028,C0301,2026-03-05 17:28:00,1190.17,CARD,Online Shopping,Chandigarh,2480,1291.26,8
TX01255,C0040,2026-03-05 17:31:00,1143.96,UPI,Grocery,Delhi,2077,1108.32,8
TX00783,C0203,2026-04-01 00:22:00,541.9,UPI,Electronics,Mumbai,825,1415.33,4
TX00115,C0254,2026-03-05 20:37:00,2867.33,CARD,Online Shopping,Chandigarh,2190,2538.35,5
TX00124,C0290,2026-03-05 21:35:00,655.19,UPI,Pharmacy,Hyderabad,3302,1821.9,5
TX02176,C0460,2026-03-05 21:40:00,2112.96,ATM,Online Shopping,Bengaluru,2931,973.7,6
TX02071,C0442,2026-03-05 22:19:00,1432.47,ATM,Restaurant,Hyderabad,2330,13944.45,6
TX01669,C0318,2026-03-05 23:14:00,904.33,UPI,Electronics,Jaipur,1832,1215.04,10
TX02925,C0314,2026-03-05 23:18:00,1944.29,UPI,Online Shopping,Mumbai,2628,1019.29,7
TX00604,C0195,2026-03-06 02:47:00,838.08,UPI,Utilities,Bengaluru,3187,1145.02,6
TX00002,C0051,2026-03-06 06:49:00,6681.29,ATM,Restaurant,Pune,1297,2925.73,8
TX02160,C0010,2026-03-06 07:22:00,462.69,ATM,Utilities,Jaipur,496,12015.85,7
TX02936,C0200,2026-03-06 09:01:00,2059.78,BANK_TRANSFER,Travel,Hyderabad,1627,1901.18,5
TX02333,C0489,2026-03-06 11:18:00,3015.57,UPI,Grocery,Chandigarh,429,1812.52,4
TX01825,C0462,2026-03-06 11:29:00,898.7,UPI,Electronics,Dehradun,3039,1988.46,6
TX02224,C0490,2026-05-28 15:31:00,466.73,BANK_TRANSFER,Electronics,Jaipur,2731,2000.75,5
TX01546,C0305,2026-03-06 17:18:00,239.1,UPI,Online Shopping,Bengaluru,176,2156.1,10
TX00106,C0204,2026-03-06 17:45:00,754.61,CARD,Utilities,Pune,1081,1309.08,4
TX00712,C0109,2026-03-06 19:22:00,295.58,ATM,Restaurant,Delhi,908,1198.89,5
TX01220,C0386,2026-03-06 20:03:00,1242.15,ATM,Utilities,Delhi,669,2758.11,7
TX00838,C0095,2026-03-06 21:39:00,380.54,ATM,Electronics,Jaipur,191,664.87,8
TX01758,C0222,2026-03-06 23:29:00,936.01,ATM,Online Shopping,Hyderabad,1002,979.34,6
TX02276,C0414,2026-03-06 23:33:00,517.45,BANK_TRANSFER,Online Shopping,Delhi,688,613.92,5
TX00653,C0008,2026-03-07 01:52:00,2598.19,BANK_TRANSFER,Utilities,Mumbai,1668,1545.23,9
TX00167,C0397,2026-03-07 03:23:00,2558.5,UPI,Electronics,Jaipur,2307,8524.18,10
TX01600,C0378,2026-03-07 04:31:00,707.14,CARD,Restaurant,Delhi,1330,1468.4,5
TX00259,C0025,2026-03-07 05:50:00,3125.08,BANK_TRANSFER,Utilities,Jaipur,2883,1548.69,12
TX01955,C0002,2026-03-07 08:52:00,931.31,BANK_TRANSFER,Travel,Dehradun,3537,1688.5,4
TX02826,C0101,2026-03-07 10:21:00,1715.83,BANK_TRANSFER,Electronics,Hyderabad,3372,1325.08,9
TX00041,C0269,2026-05-22 17:56:00,1129.53,UPI,Utilities,Hyderabad,1725,934.23,6
TX00960,C0324,2026-03-07 11:11:00,466.67,CARD,Utilities,Mumbai,1664,12337.3,7
TX02558,C0302,2026-03-07 12:15:00,327.89,ATM,Pharmacy,Chandigarh,1399,1227.65,9
TX01632,C0137,2026-03-07 14:22:00,391.52,BANK_TRANSFER,Electronics,Chandigarh,3591,731.09,5
TX01504,C0302,2026-03-07 14:37:00,1665.9,CARD,Restaurant,Pune,1399,1227.65,9
TX02969,C0366,2026-03-07 15:07:00,2339.36,ATM,Pharmacy,Mumbai,2991,2032.81,5
TX02984,C0352,2026-03-07 17:28:00,2902.82,UPI,Pharmacy,Jaipur,657,1649.8,5
TX01128,C0498,2026-03-07 19:10:00,1968.35,BANK_TRANSFER,Grocery,Hyderabad,1853,2188.48,8
TX00978,C0360,2026-03-07 20:13:00,361.5,ATM,Restaurant,Bengaluru,3213,621.74,7
TX01345,C0250,2026-03-07 23:06:00,691.44,BANK_TRANSFER,Electronics,Delhi,1666,1500.22,6
TX00704,C0145,2026-03-07 23:13:00,3203.84,BANK_TRANSFER,Utilities,Chandigarh,809,1571.04,11
TX01268,C0029,2026-03-07 23:46:00,963.04,BANK_TRANSFER,Online Shopping,Dehradun,2354,1300.64,8
TX02827,C0359,2026-05-21 08:39:00,624.21,ATM,Online Shopping,Pune,3328,6742.79,6
TX02900,C0227,2026-03-08 01:15:00,1099.85,BANK_TRANSFER,Online Shopping,Chandigarh,1509,8868.64,10
TX02294,C0287,2026-03-08 02:30:00,826.99,ATM,Utilities,Chandigarh,2829,17404.88,6
TX02833,C0124,2026-03-08 09:07:00,653.54,UPI,Grocery,Jaipur,2057,1186.53,4
TX00961,C0332,2026-03-08 11:23:00,141.15,CARD,Electronics,Hyderabad,2079,1011.1,4
TX01270,C0098,2026-03-08 13:31:00,1130.84,BANK_TRANSFER,Travel,Bengaluru,1025,1626.66,8
TX01913,C0205,2026-03-08 14:36:00,511.28,BANK_TRANSFER,Restaurant,Chandigarh,1673,1274.53,3
TX02163,C0270,2026-03-08 15:38:00,966.62,ATM,Pharmacy,Bengaluru,1763,1030.58,5
TX02464,C0452,2026-03-08 19:26:00,38721.95,UPI,Utilities,Jaipur,1788,11034.84,6
TX00632,C0078,2026-03-08 19:54:00,91.26,UPI,Travel,Delhi,805,1198.18,7
TX02644,C0115,2026-03-08 21:29:00,2377.14,ATM,Online Shopping,Bengaluru,409,1421.19,5
TX00177,C0337,2026-03-08 21:53:00,2360.5,CARD,Travel,Delhi,3138,968.33,6
TX00568,C0285,2026-03-08 22:27:00,1081.93,ATM,Electronics,Pune,1960,1872.85,11
TX01866,C0072,2026-01-29 19:31:00,1203.77,UPI,Pharmacy,Hyderabad,2169,1789.88,6
TX02975,C0391,2026-03-08 23:35:00,4784.98,UPI,Restaurant,Delhi,499,2513.78,7
TX02712,C0490,2026-03-08 23:55:00,6642.92,UPI,Grocery,Mumbai,2731,2000.75,5
TX00581,C0450,2026-02-25 07:42:00,7643.91,ATM,Utilities,Hyderabad,2095,8258.79,12
TX01257,C0237,2026-03-09 09:30:00,832.05,CARD,Online Shopping,Jaipur,1661,1393.9,8
TX02127,C0325,2026-03-09 12:33:00,946.87,UPI,Electronics,Chandigarh,292,3004.18,4
TX02270,C0193,2026-03-09 14:17:00,2513.32,CARD,Restaurant,Bengaluru,1752,2395.74,4
TX00493,C0085,2026-03-09 14:21:00,1106.43,UPI,Utilities,Hyderabad,3103,1118.01,4
TX02315,C0073,2026-03-09 15:25:00,114.6,CARD,Electronics,Delhi,1420,1403.31,8
TX00802,C0090,2026-03-09 17:01:00,2021.61,UPI,Travel,Delhi,1530,1289.35,9
TX02188,C0204,2026-03-09 18:57:00,2296.86,CARD,Online Shopping,Bengaluru,1081,1309.08,4
TX02543,C0291,2026-03-09 20:43:00,636.18,UPI,Travel,Bengaluru,1177,7019.19,9
TX00170,C0302,2026-03-09 20:46:00,2528.39,UPI,Electronics,Mumbai,1399,1227.65,9
TX01592,C0261,2026-03-09 21:53:00,569.41,BANK_TRANSFER,Restaurant,Hyderabad,3326,1835.09,8
TX02996,C0256,2026-03-09 23:30:00,2439.6,CARD,Electronics,Delhi,671,1344.76,6
TX01410,C0200,2026-03-09 23:42:00,2446.45,BANK_TRANSFER,Pharmacy,Chandigarh,1627,1901.18,5
TX01574,C0349,2026-03-10 00:26:00,1136.55,BANK_TRANSFER,Utilities,Hyderabad,2131,1475.19,8
TX00079,C0189,2026-03-10 01:06:00,417.44,CARD,Grocery,Hyderabad,570,866.23,2
TX01981,C0459,2026-03-10 02:20:00,666.01,ATM,Grocery,Hyderabad,3389,1869.6,13
TX01135,C0435,2026-03-10 05:45:00,2258.38,CARD,Travel,Chandigarh,210,2267.54,13
TX00361,C0058,2026-03-10 08:38:00,388.85,UPI,Online Shopping,Delhi,2918,683.86,8
TX00474,C0496,2026-03-10 09:07:00,1551.8,ATM,Pharmacy,Chandigarh,3455,1283.51,6
TX02510,C0164,2026-03-10 14:56:00,1283.34,ATM,Travel,Dehradun,532,1496.1,10
TX01256,C0450,2026-03-10 15:48:00,7200.23,BANK_TRANSFER,Utilities,Mumbai,2095,8258.79,12
TX02293,C0147,2026-03-10 15:56:00,1504.6,CARD,Online Shopping,Mumbai,3134,1314.94,8
TX02374,C0328,2026-03-10 16:35:00,78161.46,ATM,Utilities,Bengaluru,2423,10347.89,9
TX02824,C0040,2026-03-10 17:06:00,165.69,UPI,Grocery,Pune,2077,1108.32,8
TX01661,C0284,2026-03-10 17:20:00,4381.9,BANK_TRANSFER,Pharmacy,Delhi,3059,2002.12,4
TX00767,C0322,2026-03-10 17:59:00,1651.05,UPI,Travel,Hyderabad,1468,1018.23,2
TX00722,C0369,2026-03-10 20:15:00,3187.56,ATM,Grocery,Pune,367,2083.23,7
TX01049,C0154,2026-03-10 21:10:00,1403.05,BANK_TRANSFER,Restaurant,Mumbai,2761,1193.2,11
TX01569,C0052,2026-03-10 22:27:00,709.88,ATM,Electronics,Bengaluru,2909,1775.83,4
TX01563,C0011,2026-03-11 01:34:00,352.08,ATM,Grocery,Delhi,1268,1224.83,6
TX02589,C0027,2026-03-11 01:41:00,721.63,UPI,Utilities,Dehradun,1245,1889.01,6
TX02423,C0452,2026-03-11 04:35:00,3635.61,ATM,Electronics,Bengaluru,1788,11034.84,6
TX02569,C0232,2026-03-11 06:01:00,2019.3,CARD,Electronics,Delhi,1287,1438.7,6
TX02131,C0318,2026-03-11 06:56:00,1677.36,BANK_TRANSFER,Travel,Pune,1832,1215.04,10
TX00121,C0246,2026-03-11 07:29:00,656.41,UPI,Utilities,Dehradun,3611,1499.62,5
TX00591,C0151,2026-03-11 08:18:00,1796.55,ATM,Utilities,Jaipur,1781,1515.67,7
TX01199,C0007,2026-03-11 08:52:00,2193.99,BANK_TRANSFER,Restaurant,Jaipur,3122,1370.33,9
TX01108,C0435,2026-03-11 14:17:00,2311.84,BANK_TRANSFER,Utilities,Chandigarh,210,2267.54,13
TX01436,C0007,2026-03-11 15:29:00,1922.04,ATM,Grocery,Delhi,3122,1370.33,9
TX00983,C0303,2026-03-11 17:02:00,2083.65,CARD,Online Shopping,Jaipur,2016,1221.65,13
TX00980,C0134,2026-03-11 17:30:00,670.37,CARD,Utilities,Dehradun,2366,934.96,7
TX01763,C0404,2026-03-11 18:42:00,1696.4,BANK_TRANSFER,Travel,Hyderabad,255,1373.04,5
TX00399,C0272,2026-03-11 19:19:00,2503.13,BANK_TRANSFER,Electronics,Hyderabad,2324,1229.08,4
TX02664,C0272,2026-03-11 20:40:00,1274.39,UPI,Online Shopping,Mumbai,2324,1229.08,4
TX01337,C0055,2026-03-11 22:06:00,320.52,UPI,Restaurant,Dehradun,3586,540.49,6
TX02877,C0485,2026-03-11 23:02:00,1376.18,UPI,Electronics,Bengaluru,714,3141.51,10
TX00154,C0445,2026-03-11 23:03:00,991.98,ATM,Restaurant,Bengaluru,2036,1721.76,9
TX01232,C0226,2026-03-11 23:05:00,1633.52,CARD,Electronics,Mumbai,739,1273.47,10
TX00387,C0001,2026-03-12 00:16:00,2444.85,UPI,Online Shopping,Mumbai,3204,1526.54,11
TX01491,C0170,2026-03-12 00:58:00,248.24,CARD,Travel,Mumbai,236,4991.01,7
TX02837,C0063,2026-03-12 02:19:00,1248.5,BANK_TRANSFER,Utilities,Delhi,2393,1534.34,9
TX01043,C0309,2026-03-12 03:35:00,649.45,BANK_TRANSFER,Online Shopping,Hyderabad,1873,883.63,5
TX01837,C0021,2026-03-12 03:50:00,4774.14,UPI,Utilities,Bengaluru,799,11475.99,4
TX00406,C0008,2026-03-12 04:14:00,753.98,CARD,Electronics,Pune,1668,1545.23,9
TX00472,C0385,2026-03-12 04:30:00,1157.87,UPI,Utilities,Jaipur,430,973.65,6
TX00713,C0146,2026-03-12 04:48:00,311.91,UPI,Online Shopping,Hyderabad,3007,683.37,9
TX02584,C0316,2026-03-12 06:47:00,3226.95,CARD,Restaurant,Pune,2949,1300.8,10
TX02102,C0186,2026-03-12 09:46:00,1223.31,CARD,Electronics,Hyderabad,2826,1819.72,5
TX01191,C0165,2026-03-12 10:17:00,2482.34,BANK_TRANSFER,Online Shopping,Mumbai,2844,1817.26,6
TX01438,C0371,2026-03-12 10:24:00,571.99,UPI,Travel,Chandigarh,3264,1166.57,10
TX01880,C0387,2026-03-12 12:45:00,4478.87,UPI,Restaurant,Delhi,3134,2066.03,7
TX00072,C0048,2026-03-12 12:53:00,2353.11,CARD,Pharmacy,Chandigarh,3035,1340.63,3
TX01858,C0281,2026-03-12 13:39:00,1885.46,CARD,Online Shopping,Hyderabad,2357,3804.7,5
TX00872,C0339,2026-03-12 14:51:00,1627.89,CARD,Online Shopping,Chandigarh,3092,3818.22,5
TX02957,C0109,2026-03-12 17:57:00,2647.44,CARD,Online Shopping,Hyderabad,908,1198.89,5
TX00707,C0025,2026-03-12 18:02:00,1101.62,CARD,Grocery,Hyderabad,2883,1548.69,12
TX02770,C0128,2026-03-12 19:07:00,395.67,UPI,Online Shopping,Bengaluru,1192,1856.42,4
TX00063,C0129,2026-03-12 19:11:00,1508.14,BANK_TRANSFER,Online Shopping,Dehradun,1552,2168.94,5
TX01929,C0289,2026-03-12 21:27:00,288.28,CARD,Electronics,Pune,638,1001.91,11
TX00908,C0435,2026-03-12 22:21:00,2146.13,UPI,Pharmacy,Delhi,210,2267.54,13
TX02553,C0241,2026-03-12 23:41:00,2410.64,BANK_TRANSFER,Grocery,Delhi,1883,1264.41,4
TX02263,C0352,2026-03-13 00:46:00,2481.66,BANK_TRANSFER,Grocery,Hyderabad,657,1649.8,5
TX00120,C0010,2026-03-13 02:16:00,759.47,CARD,Online Shopping,Bengaluru,496,12015.85,7
TX01826,C0084,2026-03-13 04:14:00,2543.32,CARD,Online Shopping,Hyderabad,3489,1242.41,10
TX00183,C0090,2026-03-13 05:13:00,2666.49,BANK_TRANSFER,Grocery,Delhi,1530,1289.35,9
TX02505,C0167,2026-03-13 07:58:00,566.12,ATM,Online Shopping,Hyderabad,900,2395.15,4
TX01158,C0349,2026-03-13 12:46:00,1864.78,UPI,Pharmacy,Dehradun,2131,1475.19,8
TX01561,C0302,2026-03-13 13:25:00,1212.22,UPI,Pharmacy,Delhi,1399,1227.65,9
TX02548,C0042,2026-03-13 13:32:00,2100.45,UPI,Travel,Pune,2777,1178.43,11
TX01333,C0232,2026-03-13 15:07:00,493.05,CARD,Pharmacy,Mumbai,1287,1438.7,6
TX01579,C0493,2026-03-13 16:25:00,899.59,UPI,Utilities,Dehradun,2548,1479.52,8
TX02594,C0200,2026-03-13 17:17:00,715.09,BANK_TRANSFER,Online Shopping,Mumbai,1627,1901.18,5
TX02206,C0457,2026-03-13 17:22:00,895.89,CARD,Grocery,Hyderabad,2763,787.98,7
TX01671,C0115,2026-03-13 18:01:00,687.71,BANK_TRANSFER,Travel,Jaipur,409,1421.19,5
TX02000,C0084,2026-03-13 18:10:00,1065.21,UPI,Pharmacy,Delhi,3489,1242.41,10
TX02759,C0392,2026-03-13 19:55:00,4816.55,ATM,Utilities,Jaipur,3476,2284.46,4
TX01673,C0323,2026-03-13 20:45:00,1254.41,CARD,Grocery,Jaipur,3399,1047.79,6
TX02555,C0487,2026-03-13 22:02:00,627.87,CARD,Travel,Chandigarh,2398,1084.23,4
TX02962,C0017,2026-03-13 23:19:00,441.68,BANK_TRANSFER,Online Shopping,Mumbai,2949,1497.47,8
TX00924,C0231,2026-03-13 23:20:00,852.85,BANK_TRANSFER,Restaurant,Jaipur,3326,869.4,6
TX01845,C0441,2026-03-13 23:22:00,542.04,ATM,Utilities,Dehradun,220,1155.62,7
TX00431,C0397,2026-03-14 00:16:00,915.42,UPI,Restaurant,Pune,2307,8524.18,10
TX02762,C0452,2026-03-14 01:15:00,8312.46,BANK_TRANSFER,Pharmacy,Pune,1788,11034.84,6
TX02676,C0361,2026-06-05 23:41:00,264.38,ATM,Online Shopping,Mumbai,2587,1152.33,8
TX01480,C0397,2026-03-14 02:47:00,1231.5,ATM,Online Shopping,Hyderabad,2307,8524.18,10
TX00209,C0036,2026-03-14 03:23:00,3153.54,BANK_TRANSFER,Electronics,Pune,2934,2142.3,7
TX01369,C0104,2026-03-14 04:03:00,4073.02,BANK_TRANSFER,Restaurant,Hyderabad,1305,1367.55,7
TX02515,C0069,2026-03-14 06:32:00,704.75,CARD,Travel,Delhi,2642,958.6,10
TX00392,C0144,2026-03-14 07:00:00,1389.61,CARD,Utilities,Mumbai,1893,1196.54,8
TX01309,C0469,2026-03-14 07:09:00,766.41,ATM,Restaurant,Bengaluru,275,1473.48,6
TX01580,C0366,2026-03-14 08:04:00,307.45,CARD,Pharmacy,Mumbai,2991,2032.81,5
TX01571,C0059,2026-03-14 09:00:00,709.98,ATM,Grocery,Chandigarh,2244,3937.48,7
TX01503,C0039,2026-03-14 11:15:00,3037.22,CARD,Travel,Dehradun,2588,2219.73,13
TX02110,C0021,2026-03-14 12:36:00,1697.93,UPI,Grocery,Jaipur,799,11475.99,4
TX02330,C0482,2026-03-14 13:03:00,1419.84,CARD,Electronics,Bengaluru,1559,1328.18,10
TX00513,C0250,2026-03-14 13:55:00,1451.26,BANK_TRANSFER,Travel,Chandigarh,1666,1500.22,6
TX00514,C0162,2026-03-14 16:26:00,536.5,CARD,Restaurant,Chandigarh,1058,577.81,3
TX00279,C0215,2026-03-14 17:12:00,770.73,BANK_TRANSFER,Utilities,Pune,2267,1254.13,9
TX02615,C0150,2026-03-14 18:27:00,1033.85,UPI,Utilities,Chandigarh,2484,1858.97,6
TX01016,C0029,2026-03-14 18:28:00,1773.63,ATM,Restaurant,Chandigarh,2354,1300.64,8
TX02228,C0216,2026-03-14 20:21:00,1255.96,ATM,Travel,Dehradun,3326,1696.45,7
TX02392,C0043,2026-03-14 21:33:00,417.33,CARD,Travel,Dehradun,1005,1368.74,5
TX01816,C0271,2026-03-15 01:35:00,5155.68,UPI,Grocery,Dehradun,1469,1621.46,6
TX01548,C0344,2026-03-15 01:59:00,1858.2,BANK_TRANSFER,Electronics,Jaipur,2893,1583.55,7
TX01916,C0277,2026-03-15 03:04:00,2480.1,ATM,Grocery,Jaipur,152,1305.17,8
TX01633,C0195,2026-03-15 03:16:00,791.37,ATM,Electronics,Mumbai,3187,1145.02,6
TX02035,C0173,2026-03-15 04:21:00,2951.86,UPI,Online Shopping,Delhi,2969,2082.19,12
TX02329,C0454,2026-03-15 05:39:00,1864.87,CARD,Online Shopping,Delhi,599,1396.8,7
TX01142,C0359,2026-03-15 08:42:00,578.28,CARD,Grocery,Chandigarh,3328,6742.79,6
TX00759,C0243,2026-03-15 09:53:00,1286.02,ATM,Pharmacy,Mumbai,2519,1051.62,6
TX00696,C0441,2026-03-15 10:50:00,428.26,CARD,Online Shopping,Jaipur,220,1155.62,7
TX02577,C0379,2026-03-15 14:08:00,237.11,CARD,Electronics,Pune,845,1179.34,10
TX01821,C0372,2026-03-15 14:52:00,1324.41,ATM,Restaurant,Jaipur,986,2556.33,3
TX02863,C0471,2026-03-15 15:16:00,1117.32,UPI,Electronics,Chandigarh,3140,1221.85,10
TX00029,C0196,2026-03-15 19:14:00,2188.03,UPI,Grocery,Hyderabad,1849,2056.8,7
TX01796,C0033,2026-03-15 19:49:00,2614.21,ATM,Utilities,Jaipur,51,1529.2,2
TX02844,C0007,2026-03-15 22:48:00,2426.46,ATM,Pharmacy,Bengaluru,3122,1370.33,9
TX01252,C0209,2026-03-16 00:10:00,842.18,CARD,Utilities,Bengaluru,1693,1317.55,4
TX00282,C0331,2026-03-16 01:50:00,275.22,CARD,Grocery,Pune,910,892.28,4
TX02434,C0144,2026-03-16 01:53:00,292.44,BANK_TRANSFER,Pharmacy,Pune,1893,1196.54,8
TX02341,C0455,2026-03-16 02:49:00,1091.77,ATM,Online Shopping,Dehradun,1376,11810.65,9
TX00206,C0177,2026-03-16 04:11:00,831.11,UPI,Utilities,Dehradun,3342,7710.19,9
TX00382,C0233,2026-03-16 06:23:00,754.78,BANK_TRANSFER,Travel,Chandigarh,713,2452.85,8
TX02170,C0361,2026-03-16 07:07:00,3318.07,BANK_TRANSFER,Grocery,Pune,2587,1152.33,8
TX01081,C0063,2026-03-16 08:40:00,3008.05,UPI,Electronics,Pune,2393,1534.34,9
TX02463,C0084,2026-03-16 10:20:00,396.74,ATM,Utilities,Jaipur,3489,1242.41,10
TX01445,C0082,2026-03-16 10:35:00,408.88,UPI,Online Shopping,Jaipur,1985,1235.6,8
TX00875,C0410,2026-03-16 13:26:00,576.49,UPI,Restaurant,Jaipur,1534,1293.19,6
TX01098,C0063,2026-03-16 14:15:00,4796.97,BANK_TRANSFER,Travel,Bengaluru,2393,1534.34,9
TX02799,C0267,2026-03-16 15:40:00,3519.18,BANK_TRANSFER,Online Shopping,Jaipur,1737,6714.52,8
TX01844,C0147,2026-03-16 16:57:00,928.31,ATM,Pharmacy,Chandigarh,3134,1314.94,8
TX02503,C0100,2026-03-16 17:29:00,444.25,ATM,Pharmacy,Hyderabad,845,776.96,5
TX00874,C0078,2026-03-16 17:49:00,1047.38,UPI,Online Shopping,Jaipur,805,1198.18,7
TX02018,C0188,2026-03-16 21:00:00,554.92,ATM,Travel,Bengaluru,3272,1295.75,7
TX01732,C0046,2026-03-16 22:04:00,493.82,ATM,Pharmacy,Bengaluru,3035,984.55,6
TX02041,C0288,2026-03-16 22:46:00,2867.04,ATM,Online Shopping,Delhi,2221,1260.21,11
TX02074,C0404,2026-06-28 06:49:00,1207.42,UPI,Restaurant,Chandigarh,255,1373.04,5
TX00736,C0365,2026-03-17 02:40:00,915.28,BANK_TRANSFER,Electronics,Bengaluru,1914,2345.72,10
TX02970,C0228,2026-03-17 05:56:00,1428.04,CARD,Utilities,Chandigarh,1464,1691.74,7
TX01938,C0401,2026-03-17 06:05:00,988.5,CARD,Utilities,Mumbai,1829,833.86,8
TX02184,C0107,2026-03-17 07:45:00,628.4,UPI,Online Shopping,Pune,2797,1365.91,4
TX02009,C0388,2026-03-17 11:27:00,2337.03,BANK_TRANSFER,Restaurant,Bengaluru,2765,4170.96,4
TX01310,C0476,2026-03-17 13:43:00,705.09,CARD,Travel,Jaipur,1920,843.02,9
TX00891,C0422,2026-03-17 14:47:00,6725.1,BANK_TRANSFER,Online Shopping,Bengaluru,1273,2112.55,11
TX02649,C0360,2026-03-17 17:21:00,246.99,ATM,Electronics,Jaipur,3213,621.74,7
TX00815,C0178,2026-03-17 17:28:00,852.26,BANK_TRANSFER,Grocery,Delhi,593,1518.59,9
TX01668,C0224,2026-03-17 23:41:00,916.13,UPI,Utilities,Chandigarh,1312,926.43,9
TX00142,C0476,2026-03-17 23:52:00,1938.88,ATM,Utilities,Dehradun,1920,843.02,9
TX00336,C0141,2026-03-18 00:42:00,3089.53,BANK_TRANSFER,Restaurant,Pune,3129,1677.43,9
TX00941,C0123,2026-03-18 04:26:00,1628.92,ATM,Pharmacy,Delhi,1182,1263.45,3
TX01285,C0153,2026-03-18 04:27:00,895.74,BANK_TRANSFER,Pharmacy,Delhi,2176,1566.98,7
TX02919,C0060,2026-03-18 06:51:00,1875.46,UPI,Utilities,Jaipur,1327,1354.0,7
TX00027,C0005,2026-03-18 07:55:00,2056.17,CARD,Electronics,Delhi,1160,1298.9,11
TX01759,C0037,2026-03-18 09:32:00,778.98,ATM,Pharmacy,Chandigarh,504,13505.11,4
TX00341,C0148,2026-03-18 09:56:00,270.87,CARD,Restaurant,Hyderabad,3149,799.78,7
TX01096,C0342,2026-03-18 14:14:00,1011.79,BANK_TRANSFER,Restaurant,Pune,3200,1396.52,10
TX00337,C0242,2026-03-18 14:54:00,277.23,ATM,Pharmacy,Bengaluru,1550,1072.68,9
TX00213,C0096,2026-03-18 17:45:00,1434.94,BANK_TRANSFER,Online Shopping,Bengaluru,231,1185.61,7
TX00535,C0229,2026-03-18 17:52:00,707.93,ATM,Utilities,Dehradun,678,887.25,11
TX00303,C0005,2026-03-18 19:28:00,1133.06,ATM,Utilities,Mumbai,1160,1298.9,11
TX02598,C0381,2026-03-18 19:42:00,564.85,BANK_TRANSFER,Electronics,Dehradun,1949,1054.04,8
TX00368,C0149,2026-03-18 20:04:00,3771.22,BANK_TRANSFER,Utilities,Chandigarh,532,2098.03,9
TX02081,C0444,2026-03-18 20:11:00,2628.4,UPI,Pharmacy,Pune,3005,1403.58,8
TX02895,C0052,2026-03-18 22:35:00,778.76,CARD,Pharmacy,Chandigarh,2909,1775.83,4
TX02879,C0160,2026-03-19 00:20:00,1308.92,UPI,Restaurant,Delhi,1515,1445.65,10
TX00434,C0253,2026-03-19 00:40:00,1299.94,ATM,Utilities,Hyderabad,728,10045.62,6
TX02696,C0143,2026-03-19 00:48:00,2787.79,ATM,Electronics,Dehradun,230,1078.24,8
TX02075,C0293,2026-04-24 08:38:00,1056.96,UPI,Electronics,Dehradun,3427,1099.67,13
TX02988,C0038,2026-03-19 02:46:00,928.58,CARD,Travel,Pune,1112,1619.85,7
TX00157,C0101,2026-03-19 04:02:00,2040.14,CARD,Grocery,Mumbai,3372,1325.08,9
TX00577,C0069,2026-03-19 08:25:00,521.3,ATM,Pharmacy,Pune,2642,958.6,10
TX02771,C0096,2026-03-19 11:59:00,1387.22,UPI,Online Shopping,Delhi,231,1185.61,7
TX01133,C0222,2026-03-19 12:07:00,381.13,CARD,Grocery,Dehradun,1002,979.34,6
TX00524,C0389,2026-03-19 18:31:00,494.98,ATM,Restaurant,Pune,489,4078.39,4
TX02352,C0093,2026-03-19 18:58:00,3746.71,CARD,Utilities,Chandigarh,2807,1845.66,6
TX02481,C0220,2026-03-19 19:20:00,809.74,BANK_TRANSFER,Utilities,Mumbai,2710,1308.32,9
TX01772,C0406,2026-03-19 22:19:00,353.7,UPI,Grocery,Pune,827,900.82,7
TX01308,C0410,2026-03-19 23:17:00,1286.48,UPI,Travel,Chandigarh,1534,1293.19,6
TX02313,C0176,2026-03-20 00:38:00,282.03,BANK_TRANSFER,Grocery,Delhi,2820,830.47,4
TX00468,C0417,2026-03-20 04:14:00,722.79,CARD,Pharmacy,Delhi,1245,1266.79,7
TX00970,C0282,2026-03-20 08:37:00,607.0,UPI,Restaurant,Jaipur,2961,1438.36,10
TX02547,C0323,2026-03-20 09:28:00,647.4,ATM,Online Shopping,Hyderabad,3399,1047.79,6
TX02934,C0443,2026-03-20 12:45:00,1688.96,ATM,Grocery,Hyderabad,1010,1778.61,8
TX01985,C0390,2026-03-20 14:55:00,1896.24,CARD,Travel,Dehradun,984,11997.86,7
TX01354,C0446,2026-03-20 16:01:00,360.43,CARD,Pharmacy,Jaipur,1214,1388.63,9
TX01474,C0376,2026-03-20 19:09:00,3982.02,BANK_TRANSFER,Utilities,Delhi,2878,1700.21,8
TX02945,C0069,2026-03-20 19:45:00,254.42,ATM,Online Shopping,Chandigarh,2642,958.6,10
TX01784,C0175,2026-03-20 21:13:00,1061.06,UPI,Restaurant,Dehradun,893,2033.56,6
TX00965,C0095,2026-03-20 23:09:00,654.15,UPI,Pharmacy,Bengaluru,191,664.87,8
TX02205,C0130,2026-03-21 00:37:00,131.1,CARD,Online Shopping,Delhi,2670,996.99,12
TX02084,C0177,2026-03-21 05:46:00,3267.16,BANK_TRANSFER,Restaurant,Bengaluru,3342,7710.19,9
TX01605,C0419,2026-03-21 06:37:00,3501.72,BANK_TRANSFER,Restaurant,Hyderabad,3613,1466.87,5
TX01054,C0025,2026-03-21 09:31:00,368.42,UPI,Utilities,Bengaluru,2883,1548.69,12
TX02078,C0364,2026-03-21 09:44:00,4291.61,UPI,Travel,Hyderabad,2230,1600.47,7
TX02960,C0483,2026-03-21 10:44:00,834.59,UPI,Grocery,Dehradun,2980,1072.43,8
TX00065,C0122,2026-03-21 11:20:00,528.52,CARD,Travel,Jaipur,1397,1231.77,8
TX00572,C0401,2026-03-21 12:08:00,160.77,ATM,Pharmacy,Bengaluru,1829,833.86,8
TX02906,C0042,2026-03-21 13:03:00,1930.03,BANK_TRANSFER,Electronics,Pune,2777,1178.43,11
TX01807,C0430,2026-03-21 15:51:00,856.47,CARD,Pharmacy,Chandigarh,1090,964.05,3
TX01148,C0366,2026-03-21 17:45:00,2355.34,CARD,Electronics,Dehradun,2991,2032.81,5
TX00915,C0042,2026-03-21 18:19:00,1106.44,BANK_TRANSFER,Online Shopping,Dehradun,2777,1178.43,11
TX01302,C0237,2026-03-21 19:47:00,509.18,CARD,Grocery,Hyderabad,1661,1393.9,8
TX00876,C0062,2026-03-21 20:21:00,311.99,CARD,Travel,Bengaluru,630,1819.25,7
TX01468,C0474,2026-03-21 23:01:00,1027.45,ATM,Pharmacy,Pune,2836,1663.72,8
TX01869,C0473,2026-03-21 23:41:00,1159.75,ATM,Online Shopping,Pune,1735,1171.05,5
TX01113,C0032,2026-03-22 00:43:00,686.08,BANK_TRANSFER,Pharmacy,Dehradun,3415,1670.7,2
TX00143,C0384,2026-03-22 04:36:00,1216.81,ATM,Grocery,Delhi,1248,1103.38,3
TX01481,C0210,2026-03-22 04:51:00,1408.61,UPI,Electronics,Dehradun,1559,944.86,4
TX00755,C0311,2026-03-22 13:53:00,3404.31,CARD,Online Shopping,Delhi,3006,1063.84,9
TX02450,C0074,2026-03-22 17:40:00,1613.04,BANK_TRANSFER,Electronics,Hyderabad,3033,2818.88,3
TX00176,C0215,2026-03-22 18:43:00,3648.73,ATM,Online Shopping,Bengaluru,2267,1254.13,9
TX02092,C0228,2026-03-22 19:26:00,1646.29,BANK_TRANSFER,Grocery,Chandigarh,1464,1691.74,7
TX01262,C0278,2026-03-22 21:03:00,1635.86,UPI,Restaurant,Bengaluru,430,980.9,3
TX02142,C0145,2026-03-23 00:23:00,1732.52,UPI,Restaurant,Jaipur,809,1571.04,11
TX00450,C0119,2026-03-23 00:50:00,978.11,ATM,Grocery,Pune,2092,1511.96,7
TX01511,C0245,2026-03-23 02:30:00,4988.47,BANK_TRANSFER,Utilities,Bengaluru,1321,2324.01,3
TX02989,C0111,2026-03-23 03:35:00,495.07,UPI,Electronics,Delhi,821,5289.47,11
TX00070,C0126,2026-03-23 05:05:00,1704.94,CARD,Online Shopping,Bengaluru,1525,841.99,7
TX01583,C0226,2026-03-23 05:55:00,809.83,CARD,Restaurant,Dehradun,739,1273.47,10
TX02384,C0133,2026-03-23 06:22:00,1912.75,UPI,Pharmacy,Hyderabad,448,1738.44,11
TX00489,C0202,2026-03-23 08:15:00,1227.64,ATM,Restaurant,Jaipur,2723,1433.21,8
TX01641,C0025,2026-03-23 09:18:00,2167.13,BANK_TRANSFER,Electronics,Dehradun,2883,1548.69,12
TX02139,C0130,2026-03-23 16:31:00,549.21,ATM,Pharmacy,Dehradun,2670,996.99,12
TX00588,C0371,2026-03-23 17:52:00,961.05,UPI,Electronics,Chandigarh,3264,1166.57,10
TX02259,C0341,2026-03-23 18:31:00,2077.31,CARD,Grocery,Delhi,3334,928.37,6
TX01003,C0324,2026-03-23 18:54:00,386.56,ATM,Electronics,Hyderabad,1664,12337.3,7
TX00033,C0372,2026-03-23 20:30:00,1783.44,BANK_TRANSFER,Electronics,Chandigarh,986,2556.33,3
TX02429,C0157,2026-03-23 21:09:00,1136.25,CARD,Grocery,Dehradun,1600,1903.19,7
TX00021,C0481,2026-03-23 21:58:00,1832.78,BANK_TRANSFER,Grocery,Pune,2905,1255.51,7
TX02296,C0142,2026-03-23 22:11:00,1080.59,UPI,Electronics,Mumbai,2212,855.31,4
TX00880,C0042,2026-03-24 00:15:00,444.84,UPI,Restaurant,Bengaluru,2777,1178.43,11
TX02026,C0397,2026-03-24 00:20:00,437.16,CARD,Pharmacy,Delhi,2307,8524.18,10
TX01593,C0054,2026-03-24 01:18:00,1016.87,CARD,Travel,Hyderabad,3232,1051.87,5
TX02857,C0405,2026-03-24 03:20:00,917.12,UPI,Travel,Pune,3378,1302.6,8
TX02927,C0232,2026-03-24 04:02:00,1758.71,CARD,Travel,Mumbai,1287,1438.7,6
TX02686,C0190,2026-03-24 04:24:00,2721.87,BANK_TRANSFER,Electronics,Bengaluru,1089,1475.66,6
TX01045,C0202,2026-03-24 07:27:00,1919.86,UPI,Grocery,Bengaluru,2723,1433.21,8
TX00730,C0282,2026-03-24 09:05:00,1577.3,ATM,Utilities,Bengaluru,2961,1438.36,10
TX00678,C0111,2026-03-24 10:40:00,1402.59,BANK_TRANSFER,Online Shopping,Pune,821,5289.47,11
TX00042,C0370,2026-03-24 13:03:00,923.55,BANK_TRANSFER,Travel,Chandigarh,2899,880.35,5
TX00879,C0237,2026-03-21 19:53:00,4015.95,CARD,Electronics,Hyderabad,1661,1393.9,8
TX02874,C0213,2026-03-24 15:49:00,1902.42,BANK_TRANSFER,Online Shopping,Mumbai,1526,1585.86,6
TX00742,C0150,2026-03-24 16:53:00,2135.05,ATM,Electronics,Mumbai,2484,1858.97,6
TX00077,C0385,2026-03-24 17:06:00,2704.39,CARD,Restaurant,Pune,430,973.65,6
TX02539,C0254,2026-03-24 17:14:00,841.46,BANK_TRANSFER,Restaurant,Jaipur,2190,2538.35,5
TX00171,C0386,2026-03-24 17:31:00,12801.1,BANK_TRANSFER,Grocery,Delhi,669,2758.11,7
TX01709,C0249,2026-03-24 17:34:00,490.44,UPI,Online Shopping,Bengaluru,3214,733.79,7
TX00698,C0231,2026-03-24 19:15:00,316.33,BANK_TRANSFER,Online Shopping,Hyderabad,3326,869.4,6
TX00492,C0145,2026-03-24 19:36:00,728.04,UPI,Restaurant,Pune,809,1571.04,11
TX01906,C0214,2026-03-24 19:45:00,2078.29,CARD,Pharmacy,Bengaluru,3332,1332.83,7
TX01760,C0477,2026-03-24 19:46:00,5483.63,BANK_TRANSFER,Utilities,Chandigarh,1871,2005.42,8
TX01588,C0259,2026-03-24 20:13:00,1489.32,BANK_TRANSFER,Travel,Delhi,884,1730.84,6
TX02796,C0345,2026-03-24 21:45:00,445.21,ATM,Utilities,Dehradun,2285,1927.92,6
TX01876,C0174,2026-03-24 21:58:00,7503.27,CARD,Pharmacy,Mumbai,1514,3698.9,3
TX02380,C0221,2026-03-24 22:07:00,4043.5,UPI,Grocery,Bengaluru,2705,2216.49,5
TX02031,C0147,2026-03-24 22:28:00,3045.17,CARD,Grocery,Pune,3134,1314.94,8
TX01399,C0216,2026-03-24 23:17:00,665.58,BANK_TRANSFER,Travel,Bengaluru,3326,1696.45,7
TX00090,C0144,2026-03-25 00:15:00,683.83,ATM,Electronics,Delhi,1893,1196.54,8
TX01564,C0062,2026-03-25 00:58:00,941.15,CARD,Utilities,Hyderabad,630,1819.25,7
TX01818,C0285,2026-03-25 01:08:00,1212.76,ATM,Travel,Pune,1960,1872.85,11
TX01977,C0375,2026-03-25 02:17:00,359.95,CARD,Restaurant,Pune,1633,1076.41,5
TX01905,C0319,2026-03-25 03:04:00,1036.79,CARD,Electronics,Delhi,2550,958.7,8
TX01674,C0056,2026-03-25 04:07:00,632.73,ATM,Travel,Dehradun,676,3741.52,4
TX00994,C0481,2026-03-25 05:54:00,886.32,CARD,Pharmacy,Hyderabad,2905,1255.51,7
TX02249,C0126,2026-06-21 12:16:00,873.87,BANK_TRANSFER,Pharmacy,Pune,1525,841.99,7
TX00555,C0482,2026-03-25 08:01:00,1516.88,UPI,Grocery,Delhi,1559,1328.18,10
TX01078,C0161,2026-03-25 09:21:00,2323.26,UPI,Utilities,Jaipur,2720,1554.39,9
TX01023,C0257,2026-03-25 10:11:00,647.54,ATM,Electronics,Jaipur,2297,1496.4,7
TX01976,C0106,2026-03-25 12:17:00,1428.27,UPI,Electronics,Dehradun,2373,880.73,6
TX02324,C0102,2026-03-25 12:53:00,1198.4,CARD,Utilities,Bengaluru,485,3389.17,7
TX00039,C0308,2026-03-25 14:12:00,2190.41,UPI,Online Shopping,Bengaluru,1764,1067.63,6
TX01855,C0163,2026-03-25 17:12:00,1165.27,BANK_TRANSFER,Online Shopping,Dehradun,3319,1766.91,6
TX00541,C0103,2026-03-25 22:42:00,492.63,ATM,Grocery,Hyderabad,3563,979.38,5
TX02699,C0101,2026-03-25 23:28:00,511.71,CARD,Utilities,Hyderabad,3372,1325.08,9
TX02897,C0252,2026-03-26 00:21:00,5258.97,BANK_TRANSFER,Online Shopping,Pune,3182,2559.28,5
TX00411,C0136,2026-03-26 03:25:00,648.89,CARD,Restaurant,Chandigarh,1826,1879.13,8
TX01273,C0075,2026-03-26 06:55:00,514.93,CARD,Restaurant,Pune,1508,1241.18,6
TX01729,C0450,2026-03-26 07:25:00,3618.3,UPI,Grocery,Jaipur,2095,8258.79,12
TX01374,C0131,2026-03-26 08:59:00,497.27,BANK_TRANSFER,Utilities,Jaipur,421,1510.58,5
TX00944,C0118,2026-03-26 09:46:00,814.92,BANK_TRANSFER,Grocery,Pune,1210,880.1,9
TX02616,C0300,2026-03-26 09:57:00,1122.13,UPI,Utilities,Bengaluru,1985,4168.31,6
TX00358,C0422,2026-03-26 10:35:00,1928.0,CARD,Travel,Chandigarh,1273,2112.55,11
TX01329,C0164,2026-03-26 10:52:00,387.83,BANK_TRANSFER,Pharmacy,Bengaluru,532,1496.1,10
TX00753,C0095,2026-03-26 11:33:00,359.66,BANK_TRANSFER,Online Shopping,Pune,191,664.87,8
TX00169,C0095,2026-03-26 11:58:00,129.54,BANK_TRANSFER,Online Shopping,Hyderabad,191,664.87,8
TX00444,C0312,2026-03-26 13:41:00,812.12,BANK_TRANSFER,Electronics,Delhi,1989,2241.79,7
TX00499,C0173,2026-03-26 15:32:00,601.3,ATM,Pharmacy,Mumbai,2969,2082.19,12
TX02240,C0495,2026-03-26 16:59:00,1273.18,BANK_TRANSFER,Electronics,Dehradun,1145,1169.3,6
TX01972,C0122,2026-03-26 17:05:00,3954.7,CARD,Travel,Pune,1397,1231.77,8
TX02111,C0399,2026-03-26 19:00:00,1147.2,ATM,Travel,Delhi,592,1300.65,7
TX00631,C0433,2026-03-26 19:17:00,7847.67,UPI,Grocery,Bengaluru,2574,2868.03,3
TX01789,C0227,2026-03-26 21:45:00,1905.86,ATM,Grocery,Hyderabad,1509,8868.64,10
TX01704,C0007,2026-03-26 21:57:00,830.37,CARD,Pharmacy,Chandigarh,3122,1370.33,9
TX02886,C0191,2026-03-27 00:51:00,955.99,CARD,Online Shopping,Chandigarh,2602,1586.45,4
TX02050,C0352,2026-03-27 02:29:00,484.96,CARD,Online Shopping,Dehradun,657,1649.8,5
TX01011,C0092,2026-03-27 03:50:00,7461.01,ATM,Grocery,Hyderabad,2479,2063.22,9
TX00530,C0112,2026-03-27 05:41:00,2911.24,ATM,Utilities,Delhi,2294,2501.72,4
TX02377,C0454,2026-03-27 07:10:00,891.76,CARD,Pharmacy,Chandigarh,599,1396.8,7
TX02675,C0066,2026-03-27 10:17:00,408.33,CARD,Restaurant,Jaipur,2071,1096.69,5
TX00421,C0411,2026-03-27 10:47:00,459.67,UPI,Utilities,Jaipur,482,2120.45,5
TX02477,C0406,2026-03-27 13:29:00,1407.0,CARD,Online Shopping,Mumbai,827,900.82,7
TX01973,C0498,2026-03-27 13:58:00,1241.08,UPI,Grocery,Dehradun,1853,2188.48,8
TX01543,C0463,2026-03-27 15:10:00,859.43,BANK_TRANSFER,Electronics,Hyderabad,184,1001.57,6
TX00673,C0187,2026-03-27 15:49:00,1048.02,UPI,Electronics,Mumbai,1708,1343.78,4
TX02462,C0036,2026-03-27 17:09:00,1601.0,UPI,Travel,Jaipur,2934,2142.3,7
TX01626,C0105,2026-03-27 22:46:00,1436.2,CARD,Utilities,Mumbai,1046,1016.18,5
TX02175,C0171,2026-03-27 23:28:00,850.06,BANK_TRANSFER,Grocery,Bengaluru,1068,1817.07,3
TX00735,C0315,2026-03-28 03:16:00,492.55,ATM,Grocery,Chandigarh,2415,628.92,3
TX00597,C0400,2026-03-28 03:44:00,194.94,ATM,Restaurant,Pune,2515,676.89,6
TX00923,C0478,2026-03-28 04:27:00,796.74,UPI,Online Shopping,Chandigarh,950,1660.18,8
TX00889,C0179,2026-03-28 05:22:00,1287.5,ATM,Utilities,Mumbai,1050,1119.18,6
TX01969,C0359,2026-05-21 08:42:00,35329.37,CARD,Utilities,Bengaluru,3328,6742.79,6
TX01494,C0251,2026-03-28 06:09:00,1096.0,UPI,Electronics,Chandigarh,3029,1332.78,9
TX01189,C0452,2026-03-28 06:41:00,11925.34,CARD,Grocery,Jaipur,1788,11034.84,6
TX01321,C0292,2026-03-28 07:34:00,3809.34,UPI,Grocery,Hyderabad,216,2349.0,6
TX01792,C0460,2026-03-28 07:37:00,588.38,BANK_TRANSFER,Electronics,Pune,2931,973.7,6
TX00462,C0217,2026-03-28 08:05:00,1056.5,UPI,Online Shopping,Dehradun,1438,1409.34,8
TX01822,C0288,2026-03-28 10:28:00,451.64,ATM,Electronics,Mumbai,2221,1260.21,11
TX02030,C0122,2026-03-28 12:35:00,1602.05,ATM,Utilities,Mumbai,1397,1231.77,8
TX02017,C0297,2026-03-28 13:24:00,700.93,BANK_TRANSFER,Grocery,Bengaluru,689,1486.68,2
TX02402,C0021,2026-03-28 14:29:00,1199.62,BANK_TRANSFER,Online Shopping,Bengaluru,799,11475.99,4
TX02479,C0277,2026-03-28 15:17:00,385.98,BANK_TRANSFER,Grocery,Jaipur,152,1305.17,8
TX00273,C0423,2026-03-28 17:59:00,1105.12,ATM,Utilities,Hyderabad,2235,2157.5,4
TX01781,C0306,2026-03-28 18:31:00,389.63,ATM,Electronics,Pune,3249,721.67,4
TX01417,C0410,2026-03-28 18:44:00,942.17,UPI,Travel,Hyderabad,1534,1293.19,6
TX01665,C0114,2026-03-28 19:33:00,3238.31,UPI,Utilities,Dehradun,2265,1369.22,5
TX00570,C0138,2026-03-28 20:14:00,1240.13,CARD,Online Shopping,Mumbai,2308,961.58,5
TX02572,C0164,2026-03-28 22:24:00,2142.03,UPI,Utilities,Mumbai,532,1496.1,10
TX02888,C0308,2026-03-28 22:47:00,1536.15,UPI,Electronics,Pune,1764,1067.63,6
TX01187,C0491,2026-03-28 23:49:00,1573.23,ATM,Online Shopping,Pune,1001,1212.99,7
TX01727,C0012,2026-03-29 01:24:00,2172.88,BANK_TRANSFER,Utilities,Jaipur,360,1693.95,15
TX02909,C0397,2026-03-29 01:49:00,1439.18,UPI,Grocery,Delhi,2307,8524.18,10
TX00764,C0408,2026-03-29 03:49:00,836.17,CARD,Electronics,Dehradun,2956,1834.16,5
TX02855,C0062,2026-03-29 03:50:00,1852.72,ATM,Utilities,Mumbai,630,1819.25,7
TX00689,C0192,2026-02-06 12:11:00,999.38,CARD,Online Shopping,Delhi,1213,1373.95,9
TX02634,C0400,2026-03-29 08:34:00,437.96,CARD,Grocery,Jaipur,2515,676.89,6
TX01444,C0477,2026-03-29 08:45:00,6541.51,CARD,Online Shopping,Pune,1871,2005.42,8
TX00865,C0270,2026-03-29 09:32:00,293.37,CARD,Electronics,Jaipur,1763,1030.58,5
TX00050,C0275,2026-03-29 10:48:00,773.8,BANK_TRANSFER,Grocery,Chandigarh,232,1161.93,5
TX02784,C0043,2026-03-29 11:51:00,2971.19,ATM,Restaurant,Delhi,1005,1368.74,5
TX00770,C0075,2026-03-29 16:40:00,721.82,CARD,Electronics,Jaipur,1508,1241.18,6
TX01555,C0427,2026-03-29 17:03:00,252.42,CARD,Pharmacy,Chandigarh,2595,925.21,8
TX02243,C0407,2026-03-29 19:09:00,725.45,BANK_TRANSFER,Grocery,Chandigarh,2361,1570.4,9
TX02446,C0459,2026-03-29 19:41:00,773.97,UPI,Travel,Dehradun,3389,1869.6,13
TX02319,C0489,2026-03-29 20:01:00,714.28,BANK_TRANSFER,Online Shopping,Jaipur,429,1812.52,4
TX01577,C0373,2026-03-29 20:43:00,3800.52,ATM,Electronics,Bengaluru,1734,3597.1,7
TX00757,C0247,2026-03-29 21:47:00,591.55,ATM,Grocery,Hyderabad,3487,993.61,7
TX01716,C0363,2026-03-29 21:49:00,3531.26,ATM,Online Shopping,Bengaluru,128,1397.04,5
TX00214,C0152,2026-03-29 22:59:00,844.66,CARD,Utilities,Chandigarh,834,2173.29,10
TX02252,C0336,2026-03-29 23:11:00,455.35,UPI,Electronics,Delhi,482,835.86,7
TX02828,C0380,2026-03-30 00:01:00,1110.16,BANK_TRANSFER,Restaurant,Pune,1557,2726.98,6
TX02372,C0085,2026-03-30 00:07:00,1041.96,BANK_TRANSFER,Utilities,Chandigarh,3103,1118.01,4
TX02867,C0389,2026-03-30 00:40:00,6422.77,BANK_TRANSFER,Online Shopping,Mumbai,489,4078.39,4
TX01493,C0414,2026-03-30 03:38:00,276.12,UPI,Pharmacy,Hyderabad,688,613.92,5
TX01248,C0224,2026-03-30 04:21:00,856.11,ATM,Restaurant,Pune,1312,926.43,9
TX02633,C0145,2026-03-30 05:00:00,551.57,UPI,Travel,Dehradun,809,1571.04,11
TX00141,C0497,2026-03-30 08:44:00,69695.27,BANK_TRANSFER,Travel,Bengaluru,863,7090.38,12
TX02242,C0178,2026-03-30 09:15:00,258.07,BANK_TRANSFER,Electronics,Chandigarh,593,1518.59,9
TX02723,C0405,2026-03-30 12:14:00,217.88,CARD,Utilities,Bengaluru,3378,1302.6,8
TX01413,C0089,2026-03-30 13:02:00,819.69,UPI,Online Shopping,Jaipur,1159,1032.79,7
TX00643,C0056,2026-03-30 14:26:00,1091.12,CARD,Online Shopping,Hyderabad,676,3741.52,4
TX00928,C0038,2026-03-30 17:00:00,1466.78,CARD,Pharmacy,Jaipur,1112,1619.85,7
TX02559,C0019,2026-03-30 17:18:00,418.41,UPI,Pharmacy,Chandigarh,1715,791.2,6
TX02066,C0332,2026-03-30 21:31:00,1312.45,CARD,Pharmacy,Jaipur,2079,1011.1,4
TX01497,C0141,2026-03-31 00:48:00,872.96,UPI,Pharmacy,Chandigarh,3129,1677.43,9
TX00355,C0409,2026-03-31 00:58:00,182.42,ATM,Travel,Pune,989,1236.1,7
TX00123,C0100,2026-04-04 05:23:00,261.93,UPI,Grocery,Hyderabad,845,776.96,5
TX02492,C0072,2026-01-29 19:34:00,1404.09,ATM,Electronics,Chandigarh,2169,1789.88,6
TX01376,C0229,2026-03-31 04:25:00,453.27,ATM,Grocery,Chandigarh,678,887.25,11
TX01900,C0228,2026-03-31 05:15:00,594.28,UPI,Pharmacy,Mumbai,1464,1691.74,7
TX02266,C0495,2026-03-31 05:46:00,720.02,CARD,Utilities,Pune,1145,1169.3,6
TX00391,C0259,2026-03-31 06:56:00,877.69,ATM,Grocery,Jaipur,884,1730.84,6
TX00417,C0357,2026-03-31 08:09:00,295.67,ATM,Online Shopping,Hyderabad,133,672.17,5
TX01040,C0149,2026-03-31 08:54:00,1239.66,CARD,Pharmacy,Chandigarh,532,2098.03,9
TX01662,C0453,2026-03-31 13:21:00,2558.8,UPI,Pharmacy,Delhi,2643,1674.46,4
TX00901,C0450,2026-03-31 14:59:00,918.21,BANK_TRANSFER,Restaurant,Jaipur,2095,8258.79,12
TX00060,C0127,2026-03-31 15:15:00,4550.14,BANK_TRANSFER,Utilities,Delhi,3164,2217.58,4
TX01466,C0171,2026-03-31 15:32:00,3707.75,UPI,Grocery,Pune,1068,1817.07,3
TX01286,C0486,2026-03-31 16:17:00,1022.26,UPI,Utilities,Dehradun,49,3831.04,3
TX00276,C0122,2026-03-31 17:45:00,372.54,UPI,Online Shopping,Chandigarh,1397,1231.77,8
TX02567,C0494,2026-03-31 19:59:00,2616.8,UPI,Travel,Dehradun,1196,1584.52,7
TX02474,C0379,2026-03-31 20:10:00,605.61,ATM,Pharmacy,Pune,845,1179.34,10
TX02892,C0282,2026-03-31 22:18:00,331.23,BANK_TRANSFER,Online Shopping,Delhi,2961,1438.36,10
TX00510,C0072,2026-03-31 23:48:00,3378.1,UPI,Electronics,Dehradun,2169,1789.88,6
TX02412,C0203,2026-04-01 00:16:00,1073.29,UPI,Utilities,Mumbai,825,1415.33,4
TX02705,C0042,2026-04-01 00:44:00,1243.63,CARD,Travel,Mumbai,2777,1178.43,11
TX01084,C0154,2026-04-01 02:40:00,584.41,BANK_TRANSFER,Online Shopping,Mumbai,2761,1193.2,11
TX01607,C0338,2026-04-01 03:23:00,466.96,CARD,Grocery,Pune,1213,1187.53,4
TX02868,C0065,2026-04-01 05:27:00,414.24,ATM,Utilities,Hyderabad,271,1912.83,5
TX00579,C0262,2026-04-01 09:50:00,639.87,UPI,Grocery,Delhi,2462,1230.77,8
TX01052,C0063,2026-04-01 09:59:00,1177.7,CARD,Travel,Delhi,2393,1534.34,9
TX02722,C0399,2026-04-01 10:33:00,749.9,BANK_TRANSFER,Grocery,Mumbai,592,1300.65,7
TX02262,C0157,2026-04-01 11:56:00,1610.27,ATM,Electronics,Pune,1600,1903.19,7
TX00491,C0083,2026-04-01 12:37:00,6151.88,UPI,Electronics,Chandigarh,1615,3398.14,3
TX02230,C0299,2026-04-01 18:37:00,1418.94,CARD,Online Shopping,Dehradun,3032,1365.48,2
TX01623,C0357,2026-04-01 20:15:00,601.78,CARD,Utilities,Mumbai,133,672.17,5
TX01852,C0015,2026-04-01 21:37:00,7491.05,CARD,Grocery,Dehradun,3474,2507.41,6
TX02991,C0368,2026-04-01 23:55:00,741.3,CARD,Restaurant,Pune,907,740.89,2
TX00187,C0391,2026-04-02 00:32:00,538.81,BANK_TRANSFER,Electronics,Chandigarh,499,2513.78,7
TX01706,C0235,2026-04-02 02:05:00,717.68,ATM,Grocery,Dehradun,2028,853.66,4
TX01770,C0017,2026-04-02 02:47:00,404.47,ATM,Pharmacy,Hyderabad,2949,1497.47,8
TX02421,C0334,2026-04-02 03:10:00,55446.73,BANK_TRANSFER,Electronics,Hyderabad,1357,13224.7,5
TX00360,C0134,2026-04-02 03:48:00,1064.95,BANK_TRANSFER,Electronics,Dehradun,2366,934.96,7
TX01823,C0130,2026-04-02 05:48:00,530.9,ATM,Pharmacy,Mumbai,2670,996.99,12
TX00479,C0197,2026-04-02 10:41:00,2750.23,UPI,Utilities,Hyderabad,2655,2877.63,3
TX01748,C0414,2026-04-02 12:38:00,1369.29,UPI,Electronics,Dehradun,688,613.92,5
TX00374,C0229,2026-04-02 15:07:00,773.78,UPI,Travel,Dehradun,678,887.25,11
TX00795,C0212,2026-04-02 17:21:00,829.35,CARD,Online Shopping,Pune,3449,1160.43,3
TX01970,C0090,2026-04-02 20:11:00,269.01,CARD,Travel,Hyderabad,1530,1289.35,9
TX01400,C0339,2026-03-12 14:57:00,10254.4,BANK_TRANSFER,Restaurant,Hyderabad,3092,3818.22,5
TX00593,C0336,2026-04-02 21:36:00,890.69,ATM,Travel,Bengaluru,482,835.86,7
TX00927,C0157,2026-04-02 22:36:00,1809.17,CARD,Restaurant,Delhi,1600,1903.19,7
TX01941,C0046,2026-04-02 22:40:00,566.93,CARD,Travel,Bengaluru,3035,984.55,6
TX02051,C0312,2026-04-03 00:06:00,781.75,UPI,Electronics,Dehradun,1989,2241.79,7
TX00415,C0028,2026-04-03 02:51:00,1400.01,BANK_TRANSFER,Grocery,Hyderabad,985,1481.96,5
TX02661,C0231,2026-04-03 03:49:00,1645.85,CARD,Grocery,Dehradun,3326,869.4,6
TX01422,C0288,2026-04-03 05:15:00,720.06,UPI,Grocery,Jaipur,2221,1260.21,11
TX02146,C0066,2026-04-03 05:28:00,573.14,BANK_TRANSFER,Restaurant,Jaipur,2071,1096.69,5
TX02775,C0334,2026-04-03 05:53:00,524.63,BANK_TRANSFER,Restaurant,Jaipur,1357,13224.7,5
TX01431,C0250,2026-04-03 05:55:00,876.67,UPI,Restaurant,Mumbai,1666,1500.22,6
TX01087,C0469,2026-04-03 07:27:00,940.73,BANK_TRANSFER,Grocery,Pune,275,1473.48,6
TX01889,C0404,2026-06-28 06:46:00,625.5,CARD,Online Shopping,Dehradun,255,1373.04,5
TX02200,C0251,2026-04-03 11:05:00,2979.42,ATM,Electronics,Dehradun,3029,1332.78,9
TX02500,C0050,2026-04-03 12:59:00,902.41,CARD,Travel,Bengaluru,1929,1606.95,4
TX01808,C0226,2026-04-03 13:46:00,5697.72,ATM,Electronics,Bengaluru,739,1273.47,10
TX01035,C0438,2026-04-03 15:04:00,1572.73,UPI,Restaurant,Hyderabad,729,1233.71,3
TX00488,C0165,2026-04-03 17:37:00,1446.76,BANK_TRANSFER,Grocery,Chandigarh,2844,1817.26,6
TX02278,C0466,2026-04-03 18:00:00,769.91,CARD,Pharmacy,Delhi,814,1073.19,10
TX01198,C0466,2026-05-18 00:28:00,1070.99,UPI,Grocery,Bengaluru,814,1073.19,10
TX01839,C0464,2026-04-03 20:37:00,2345.02,CARD,Grocery,Chandigarh,2567,1475.02,3
TX01722,C0356,2026-04-03 22:06:00,521.09,CARD,Electronics,Delhi,1475,752.22,6
TX01547,C0377,2026-04-04 02:35:00,3523.67,CARD,Grocery,Pune,427,2592.84,4
TX00239,C0100,2026-04-04 05:20:00,1667.78,UPI,Grocery,Pune,845,776.96,5
TX01899,C0340,2026-04-04 06:38:00,899.95,ATM,Electronics,Mumbai,2086,4014.04,5
TX00466,C0177,2026-04-04 07:24:00,678.73,ATM,Travel,Delhi,3342,7710.19,9
TX01835,C0092,2026-04-04 08:16:00,241.89,BANK_TRANSFER,Electronics,Pune,2479,2063.22,9
TX01805,C0026,2026-04-04 08:24:00,753.97,ATM,Travel,Chandigarh,2463,1128.78,6
TX01260,C0201,2026-04-04 09:02:00,2560.88,CARD,Online Shopping,Hyderabad,3090,13970.79,4
TX00128,C0250,2026-04-04 09:32:00,1129.57,BANK_TRANSFER,Travel,Pune,1666,1500.22,6
TX02021,C0459,2026-04-04 10:32:00,3111.63,ATM,Grocery,Dehradun,3389,1869.6,13
TX01125,C0078,2026-04-04 10:59:00,3082.86,BANK_TRANSFER,Utilities,Bengaluru,805,1198.18,7
TX00639,C0047,2026-04-04 19:28:00,544.16,CARD,Grocery,Pune,2764,1345.73,9
TX01809,C0285,2026-04-04 22:51:00,271.29,CARD,Pharmacy,Mumbai,1960,1872.85,11
TX00738,C0229,2026-04-05 01:18:00,1152.38,CARD,Electronics,Pune,678,887.25,11
TX01984,C0123,2026-04-05 01:42:00,703.86,ATM,Utilities,Bengaluru,1182,1263.45,3
TX02166,C0093,2026-04-05 02:29:00,699.72,ATM,Utilities,Mumbai,2807,1845.66,6
TX00397,C0330,2026-04-05 03:26:00,1263.35,UPI,Travel,Jaipur,1046,1364.96,9
TX01812,C0099,2026-04-05 03:31:00,2245.53,CARD,Travel,Mumbai,2347,2043.25,6
TX02532,C0160,2026-04-05 05:36:00,459.29,ATM,Grocery,Hyderabad,1515,1445.65,10
TX02191,C0497,2026-04-05 06:06:00,2409.94,BANK_TRANSFER,Grocery,Hyderabad,863,7090.38,12
TX01864,C0208,2026-04-05 07:40:00,2962.73,UPI,Utilities,Dehradun,1384,19492.11,4
TX02748,C0238,2026-04-05 08:42:00,712.55,ATM,Restaurant,Bengaluru,1525,21875.97,4
TX00963,C0130,2026-04-05 09:43:00,518.6,ATM,Online Shopping,Delhi,2670,996.99,12
TX01236,C0500,2026-04-05 11:12:00,1057.02,UPI,Online Shopping,Bengaluru,2012,1242.57,9
TX00441,C0409,2026-04-05 12:59:00,174.62,CARD,Electronics,Bengaluru,989,1236.1,7
TX02959,C0408,2026-04-05 13:40:00,1031.3,CARD,Online Shopping,Hyderabad,2956,1834.16,5
TX00035,C0047,2026-04-05 15:41:00,2075.99,CARD,Electronics,Pune,2764,1345.73,9
TX00423,C0145,2026-04-05 17:50:00,1595.72,UPI,Travel,Chandigarh,809,1571.04,11
TX01589,C0376,2026-04-05 18:00:00,4302.15,UPI,Online Shopping,Jaipur,2878,1700.21,8
TX01004,C0133,2026-04-05 18:50:00,1903.21,UPI,Pharmacy,Jaipur,448,1738.44,11
TX00989,C0141,2026-04-05 20:41:00,1884.66,CARD,Restaurant,Pune,3129,1677.43,9
TX01200,C0330,2026-04-05 23:04:00,1876.09,ATM,Restaurant,Dehradun,1046,1364.96,9
TX00204,C0192,2026-04-06 00:10:00,2762.44,ATM,Online Shopping,Jaipur,1213,1373.95,9
TX01606,C0178,2026-04-06 01:37:00,1585.05,UPI,Pharmacy,Pune,593,1518.59,9
TX02195,C0156,2026-04-06 03:22:00,1247.36,CARD,Utilities,Mumbai,2803,2289.42,5
TX02063,C0207,2026-04-06 03:38:00,386.95,UPI,Restaurant,Chandigarh,2011,611.81,4
TX01771,C0012,2026-04-06 04:27:00,2103.29,BANK_TRANSFER,Electronics,Hyderabad,360,1693.95,15
TX01902,C0166,2026-04-06 06:07:00,1726.55,CARD,Grocery,Pune,427,1412.29,6
TX01294,C0027,2026-04-06 10:12:00,2081.57,CARD,Travel,Bengaluru,1245,1889.01,6
TX01883,C0428,2026-04-06 10:30:00,767.5,UPI,Utilities,Jaipur,2176,1204.34,8
TX01010,C0497,2026-04-06 12:03:00,675.83,CARD,Online Shopping,Hyderabad,863,7090.38,12
TX00528,C0313,2026-04-06 14:23:00,2509.5,UPI,Electronics,Bengaluru,1693,1185.52,7
TX00550,C0286,2026-04-06 14:30:00,281.42,CARD,Grocery,Hyderabad,3612,792.68,7
TX00512,C0154,2026-04-06 19:44:00,430.42,CARD,Pharmacy,Delhi,2761,1193.2,11
TX00008,C0150,2026-04-06 22:11:00,1101.11,BANK_TRANSFER,Online Shopping,Bengaluru,2484,1858.97,6
TX02455,C0447,2026-04-06 23:11:00,54318.47,UPI,Restaurant,Bengaluru,3357,9693.25,6
TX00014,C0170,2026-04-06 23:42:00,1077.29,ATM,Pharmacy,Dehradun,236,4991.01,7
TX02976,C0499,2026-04-07 01:42:00,2620.94,UPI,Travel,Dehradun,2804,2372.4,4
TX00308,C0136,2026-04-07 02:29:00,528.69,ATM,Electronics,Delhi,1826,1879.13,8
TX02911,C0105,2026-04-07 04:06:00,643.8,ATM,Online Shopping,Pune,1046,1016.18,5
TX00926,C0420,2026-04-07 06:22:00,1382.03,ATM,Travel,Dehradun,46,1830.31,8
TX02716,C0067,2026-04-07 07:06:00,3415.74,BANK_TRANSFER,Grocery,Chandigarh,2854,2123.46,5
TX00589,C0111,2026-04-07 09:06:00,3107.0,ATM,Restaurant,Jaipur,821,5289.47,11
TX01307,C0401,2026-04-07 13:23:00,1045.51,CARD,Grocery,Mumbai,1829,833.86,8
TX00180,C0093,2026-04-07 14:09:00,460.66,ATM,Grocery,Pune,2807,1845.66,6
TX02814,C0494,2026-04-07 14:56:00,550.77,ATM,Online Shopping,Dehradun,1196,1584.52,7
TX02247,C0151,2026-04-07 18:50:00,289.15,CARD,Restaurant,Jaipur,1781,1515.67,7
TX02181,C0468,2026-04-07 20:04:00,559.19,UPI,Electronics,Jaipur,3494,943.62,4
TX00244,C0076,2026-04-07 22:08:00,2261.5,BANK_TRANSFER,Pharmacy,Chandigarh,3529,1922.18,8
TX01699,C0356,2026-04-07 23:53:00,1023.21,UPI,Electronics,Mumbai,1475,752.22,6
TX00357,C0417,2026-04-08 00:00:00,841.99,CARD,Online Shopping,Bengaluru,1245,1266.79,7
TX00934,C0289,2026-04-08 05:30:00,245.78,ATM,Pharmacy,Jaipur,638,1001.91,11
TX01182,C0088,2026-04-08 07:31:00,441.01,BANK_TRANSFER,Pharmacy,Pune,2643,1016.66,2
TX01655,C0402,2026-04-08 14:16:00,3369.93,BANK_TRANSFER,Grocery,Jaipur,3384,1417.77,5
TX02225,C0276,2026-04-08 15:12:00,1512.84,BANK_TRANSFER,Travel,Mumbai,3285,723.73,3
TX01881,C0349,2026-05-02 09:37:00,1455.82,BANK_TRANSFER,Restaurant,Dehradun,2131,1475.19,8
TX02235,C0285,2026-04-08 20:28:00,5439.58,CARD,Electronics,Hyderabad,1960,1872.85,11
TX01424,C0016,2026-04-08 21:05:00,1831.01,UPI,Travel,Bengaluru,3201,2162.52,3
TX00203,C0408,2026-04-08 22:23:00,1077.2,CARD,Online Shopping,Bengaluru,2956,1834.16,5
TX00246,C0455,2026-04-08 23:07:00,293.79,UPI,Electronics,Delhi,1376,11810.65,9
TX00010,C0058,2026-04-09 01:12:00,398.94,ATM,Travel,Delhi,2918,683.86,8
TX00475,C0311,2026-04-09 03:40:00,367.99,CARD,Utilities,Chandigarh,3006,1063.84,9
TX00184,C0418,2026-04-09 03:49:00,403.08,CARD,Travel,Jaipur,3150,1462.94,6
TX02673,C0114,2026-04-09 04:01:00,528.23,UPI,Online Shopping,Bengaluru,2265,1369.22,5
TX01512,C0236,2026-04-09 04:56:00,691.85,UPI,Travel,Delhi,3475,1333.69,7
TX00009,C0314,2026-04-09 05:33:00,541.31,UPI,Pharmacy,Chandigarh,2628,1019.29,7
TX02915,C0393,2026-04-09 05:35:00,2693.61,CARD,Electronics,Dehradun,1075,1361.5,7
TX02478,C0118,2026-04-09 05:45:00,2260.75,CARD,Electronics,Delhi,1210,880.1,9
TX01272,C0293,2026-04-09 09:09:00,283.32,CARD,Pharmacy,Bengaluru,3427,1099.67,13
TX00020,C0101,2026-04-09 09:52:00,298.18,ATM,Pharmacy,Jaipur,3372,1325.08,9
TX00327,C0167,2026-04-09 10:14:00,2476.11,BANK_TRANSFER,Grocery,Hyderabad,900,2395.15,4
TX02116,C0100,2026-04-04 05:26:00,431.36,UPI,Pharmacy,Pune,845,776.96,5
TX02674,C0237,2026-04-09 12:10:00,157.3,UPI,Pharmacy,Jaipur,1661,1393.9,8
TX02207,C0293,2026-04-09 13:47:00,1176.14,CARD,Grocery,Jaipur,3427,1099.67,13
TX02875,C0181,2026-04-09 14:42:00,1706.16,CARD,Travel,Pune,1953,1571.77,6
TX00223,C0279,2026-04-09 15:49:00,699.69,BANK_TRANSFER,Utilities,Jaipur,796,808.66,4
TX02749,C0381,2026-04-09 16:04:00,706.5,BANK_TRANSFER,Electronics,Mumbai,1949,1054.04,8
TX00937,C0086,2026-04-09 19:53:00,487.05,BANK_TRANSFER,Electronics,Bengaluru,1051,1276.73,7
TX02113,C0355,2026-04-10 04:09:00,5053.14,BANK_TRANSFER,Utilities,Dehradun,1473,1643.86,6
TX02396,C0302,2026-04-10 06:16:00,3212.08,CARD,Pharmacy,Dehradun,1399,1227.65,9
TX02257,C0008,2026-04-10 06:54:00,2416.67,BANK_TRANSFER,Utilities,Hyderabad,1668,1545.23,9
TX00844,C0434,2026-04-10 09:51:00,577.3,ATM,Grocery,Jaipur,331,1513.95,4
TX00102,C0238,2026-04-10 12:53:00,81918.38,ATM,Pharmacy,Pune,1525,21875.97,4
TX02951,C0008,2026-04-10 13:30:00,755.72,CARD,Grocery,Mumbai,1668,1545.23,9
TX02963,C0133,2026-04-10 13:59:00,1226.07,CARD,Grocery,Hyderabad,448,1738.44,11
TX02013,C0410,2026-04-10 14:17:00,619.77,CARD,Utilities,Chandigarh,1534,1293.19,6
TX00790,C0326,2026-04-10 17:22:00,1187.64,UPI,Electronics,Delhi,1817,885.92,8
TX01314,C0064,2026-04-10 21:51:00,528.33,ATM,Travel,Mumbai,2091,605.36,3
TX00353,C0191,2026-04-10 22:36:00,271.86,ATM,Pharmacy,Pune,2602,1586.45,4
TX01556,C0380,2026-04-11 00:39:00,822.83,CARD,Grocery,Bengaluru,1557,2726.98,6
TX01983,C0451,2026-04-11 01:31:00,1951.22,UPI,Electronics,Pune,1846,1757.0,3
TX00254,C0144,2026-04-11 03:51:00,1138.67,BANK_TRANSFER,Pharmacy,Jaipur,1893,1196.54,8
TX01156,C0178,2026-04-11 04:02:00,352.21,UPI,Travel,Hyderabad,593,1518.59,9
TX00191,C0493,2026-04-11 04:13:00,541.45,CARD,Pharmacy,Hyderabad,2548,1479.52,8
TX00093,C0086,2026-04-11 04:27:00,493.57,UPI,Electronics,Bengaluru,1051,1276.73,7
TX02561,C0218,2026-04-11 06:02:00,1224.78,UPI,Utilities,Jaipur,1430,1809.05,6
TX01172,C0229,2026-04-11 09:06:00,266.67,UPI,Online Shopping,Pune,678,887.25,11
TX02898,C0082,2026-04-11 10:30:00,1336.24,ATM,Electronics,Mumbai,1985,1235.6,8
TX00208,C0496,2026-04-11 10:35:00,515.28,ATM,Pharmacy,Dehradun,3455,1283.51,6
TX00796,C0225,2026-04-11 12:45:00,352.84,ATM,Restaurant,Bengaluru,3460,1052.93,4
TX02119,C0087,2026-04-11 15:03:00,589.38,BANK_TRANSFER,Grocery,Chandigarh,3491,974.03,6
TX00465,C0283,2026-04-11 15:27:00,969.94,CARD,Online Shopping,Dehradun,227,1427.66,3
TX01949,C0161,2026-04-11 15:39:00,1434.08,ATM,Pharmacy,Hyderabad,2720,1554.39,9
TX00080,C0487,2026-04-11 16:35:00,1502.06,UPI,Online Shopping,Hyderabad,2398,1084.23,4
TX00804,C0320,2026-04-11 17:34:00,1572.65,ATM,Pharmacy,Delhi,1999,1236.38,8
TX01266,C0154,2026-04-11 17:35:00,1235.94,ATM,Online Shopping,Delhi,2761,1193.2,11
TX02750,C0436,2026-04-11 18:41:00,1929.43,BANK_TRANSFER,Online Shopping,Hyderabad,636,1676.23,8
TX00820,C0172,2026-04-11 19:30:00,1285.52,UPI,Online Shopping,Bengaluru,1911,1008.52,4
TX01231,C0393,2026-04-11 19:40:00,1215.35,BANK_TRANSFER,Electronics,Bengaluru,1075,1361.5,7
TX02983,C0350,2026-04-11 21:30:00,744.33,ATM,Travel,Hyderabad,3221,889.42,8
TX00272,C0186,2026-04-11 21:59:00,728.96,ATM,Electronics,Delhi,2826,1819.72,5
TX00460,C0282,2026-04-12 05:29:00,443.3,UPI,Utilities,Delhi,2961,1438.36,10
TX01846,C0453,2026-04-12 09:50:00,1455.81,BANK_TRANSFER,Pharmacy,Delhi,2643,1674.46,4
TX01523,C0340,2026-04-12 10:31:00,10824.07,BANK_TRANSFER,Grocery,Delhi,2086,4014.04,5
TX01287,C0378,2026-04-12 14:05:00,918.18,CARD,Electronics,Pune,1330,1468.4,5
TX00096,C0462,2026-04-12 14:39:00,1631.04,UPI,Utilities,Mumbai,3039,1988.46,6
TX02490,C0125,2026-04-12 17:24:00,1118.63,ATM,Restaurant,Hyderabad,2725,902.67,5
TX01357,C0482,2026-04-12 18:26:00,658.29,BANK_TRANSFER,Online Shopping,Pune,1559,1328.18,10
TX01265,C0004,2026-04-12 19:22:00,1588.91,CARD,Travel,Pune,1324,1740.16,7
TX01521,C0409,2026-04-12 19:25:00,1941.34,UPI,Travel,Bengaluru,989,1236.1,7
TX01278,C0042,2026-04-12 22:30:00,659.89,CARD,Restaurant,Jaipur,2777,1178.43,11
TX00388,C0373,2026-04-12 23:52:00,15305.35,BANK_TRANSFER,Utilities,Pune,1734,3597.1,7
TX01551,C0187,2026-06-10 21:20:00,713.58,ATM,Restaurant,Bengaluru,1708,1343.78,4
TX02647,C0005,2026-04-13 03:34:00,924.61,BANK_TRANSFER,Pharmacy,Delhi,1160,1298.9,11
TX02899,C0232,2026-04-13 04:52:00,1639.91,UPI,Restaurant,Hyderabad,1287,1438.7,6
TX01353,C0337,2026-04-13 06:40:00,642.69,CARD,Electronics,Mumbai,3138,968.33,6
TX02520,C0226,2026-04-13 07:06:00,940.31,BANK_TRANSFER,Electronics,Hyderabad,739,1273.47,10
TX02836,C0178,2026-04-13 08:49:00,2148.98,UPI,Grocery,Delhi,593,1518.59,9
TX01658,C0316,2026-04-13 17:45:00,274.83,CARD,Grocery,Bengaluru,2949,1300.8,10
TX02812,C0156,2026-04-13 21:03:00,727.68,ATM,Utilities,Bengaluru,2803,2289.42,5
TX02737,C0281,2026-04-14 02:26:00,467.05,CARD,Grocery,Delhi,2357,3804.7,5
TX01988,C0073,2026-04-14 03:12:00,2444.12,UPI,Grocery,Delhi,1420,1403.31,8
TX00495,C0457,2026-04-14 03:33:00,1171.82,ATM,Travel,Mumbai,2763,787.98,7
TX00028,C0103,2026-04-14 04:21:00,1380.39,UPI,Electronics,Chandigarh,3563,979.38,5
TX01912,C0064,2026-04-14 05:29:00,523.81,CARD,Online Shopping,Bengaluru,2091,605.36,3
TX02706,C0166,2026-04-14 06:23:00,913.83,ATM,Online Shopping,Hyderabad,427,1412.29,6
TX00672,C0014,2026-04-14 07:02:00,1251.27,UPI,Grocery,Chandigarh,2165,1497.51,11
TX02656,C0084,2026-04-14 08:14:00,812.5,UPI,Online Shopping,Bengaluru,3489,1242.41,10
TX00904,C0104,2026-04-14 08:21:00,363.72,UPI,Restaurant,Delhi,1305,1367.55,7
TX01622,C0398,2026-04-14 09:32:00,174.57,BANK_TRANSFER,Online Shopping,Pune,3466,1422.34,4
TX01914,C0209,2026-04-14 10:05:00,1635.22,BANK_TRANSFER,Travel,Dehradun,1693,1317.55,4
TX00529,C0401,2026-04-14 11:09:00,1531.28,ATM,Pharmacy,Jaipur,1829,833.86,8
TX01253,C0014,2026-04-14 11:10:00,4311.61,UPI,Pharmacy,Mumbai,2165,1497.51,11
TX02786,C0130,2026-04-14 13:07:00,1243.48,CARD,Grocery,Dehradun,2670,996.99,12
TX00148,C0396,2026-04-14 13:16:00,2168.75,ATM,Grocery,Delhi,2115,1350.36,7
TX00646,C0319,2026-06-22 20:37:00,465.97,UPI,Pharmacy,Bengaluru,2550,958.7,8
TX01961,C0417,2026-04-14 13:54:00,955.97,BANK_TRANSFER,Restaurant,Delhi,1245,1266.79,7
TX00787,C0173,2026-04-14 18:13:00,1107.22,BANK_TRANSFER,Restaurant,Bengaluru,2969,2082.19,12
TX02946,C0416,2026-04-14 18:19:00,1394.23,BANK_TRANSFER,Travel,Delhi,576,1746.96,5
TX00898,C0145,2026-04-14 18:49:00,1099.07,UPI,Electronics,Bengaluru,809,1571.04,11
TX02718,C0007,2026-04-14 18:58:00,300.7,UPI,Travel,Dehradun,3122,1370.33,9
TX01820,C0075,2026-04-14 21:29:00,410.88,CARD,Pharmacy,Mumbai,1508,1241.18,6
TX02265,C0005,2026-04-14 22:53:00,3122.8,ATM,Grocery,Pune,1160,1298.9,11
TX00657,C0180,2026-04-15 01:49:00,1558.95,UPI,Pharmacy,Delhi,125,1006.67,6
TX02389,C0300,2026-04-15 04:37:00,295.42,CARD,Grocery,Pune,1985,4168.31,6
TX01250,C0370,2026-04-15 04:53:00,643.81,UPI,Restaurant,Dehradun,2899,880.35,5
TX01787,C0164,2026-04-15 09:14:00,1014.12,ATM,Utilities,Chandigarh,532,1496.1,10
TX02611,C0471,2026-04-15 09:23:00,1213.78,ATM,Restaurant,Delhi,3140,1221.85,10
TX02208,C0020,2026-04-15 11:00:00,904.78,BANK_TRANSFER,Restaurant,Hyderabad,3410,876.09,7
TX02185,C0421,2026-04-15 12:36:00,2276.68,CARD,Pharmacy,Dehradun,3273,2276.68,1
TX01479,C0409,2026-04-15 12:39:00,696.96,UPI,Restaurant,Pune,989,1236.1,7
TX00419,C0228,2026-04-15 13:16:00,4589.85,BANK_TRANSFER,Grocery,Delhi,1464,1691.74,7
TX00883,C0296,2026-04-15 13:34:00,1150.26,BANK_TRANSFER,Travel,Jaipur,1824,1112.11,5
TX01870,C0145,2026-04-15 14:12:00,1938.08,BANK_TRANSFER,Utilities,Hyderabad,809,1571.04,11
TX00911,C0067,2026-04-15 15:10:00,1636.24,BANK_TRANSFER,Travel,Bengaluru,2854,2123.46,5
TX02994,C0223,2026-04-15 15:47:00,699.38,ATM,Online Shopping,Hyderabad,1798,1223.46,10
TX00521,C0449,2026-04-15 18:36:00,1548.62,BANK_TRANSFER,Electronics,Chandigarh,157,1648.9,5
TX01396,C0012,2026-04-15 18:50:00,581.53,UPI,Restaurant,Bengaluru,360,1693.95,15
TX00690,C0473,2026-04-15 19:56:00,556.92,CARD,Online Shopping,Pune,1735,1171.05,5
TX02966,C0232,2026-04-15 20:27:00,842.44,ATM,Restaurant,Mumbai,1287,1438.7,6
TX00294,C0174,2026-04-15 20:53:00,1705.91,CARD,Utilities,Pune,1514,3698.9,3
TX02940,C0444,2026-04-15 21:59:00,1860.73,CARD,Utilities,Bengaluru,3005,1403.58,8
TX00359,C0117,2026-04-15 23:39:00,1451.14,ATM,Online Shopping,Dehradun,3142,846.39,11
TX01806,C0482,2026-04-16 02:04:00,1242.8,UPI,Restaurant,Pune,1559,1328.18,10
TX02839,C0116,2026-04-16 02:30:00,1125.28,ATM,Utilities,Delhi,522,2818.89,3
TX00255,C0373,2026-04-16 03:15:00,764.84,UPI,Travel,Hyderabad,1734,3597.1,7
TX02048,C0150,2026-04-16 04:15:00,3784.23,ATM,Utilities,Pune,2484,1858.97,6
TX02340,C0310,2026-04-16 06:14:00,1532.11,BANK_TRANSFER,Online Shopping,Jaipur,518,1491.13,8
TX00202,C0457,2026-04-16 07:57:00,249.02,BANK_TRANSFER,Online Shopping,Bengaluru,2763,787.98,7
TX00905,C0104,2026-04-16 08:05:00,933.21,BANK_TRANSFER,Utilities,Mumbai,1305,1367.55,7
TX01477,C0349,2026-04-16 09:17:00,1306.28,BANK_TRANSFER,Electronics,Chandigarh,2131,1475.19,8
TX01030,C0182,2026-04-16 10:11:00,2131.9,BANK_TRANSFER,Utilities,Hyderabad,1787,1589.53,4
TX02443,C0090,2026-04-16 10:52:00,446.23,ATM,Grocery,Jaipur,1530,1289.35,9
TX02557,C0188,2026-04-16 13:34:00,2824.62,UPI,Grocery,Dehradun,3272,1295.75,7
TX00644,C0350,2026-04-16 13:45:00,259.11,BANK_TRANSFER,Electronics,Delhi,3221,889.42,8
TX00749,C0331,2026-04-16 14:12:00,351.14,CARD,Pharmacy,Mumbai,910,892.28,4
TX01367,C0061,2026-04-16 14:22:00,1367.3,BANK_TRANSFER,Utilities,Chandigarh,2465,1754.67,5
TX00084,C0278,2026-04-16 15:01:00,259.41,CARD,Electronics,Dehradun,430,980.9,3
TX02856,C0219,2026-04-16 18:35:00,4374.08,CARD,Restaurant,Jaipur,1336,2353.86,3
TX00011,C0342,2026-04-16 19:09:00,1072.28,ATM,Travel,Pune,3200,1396.52,10
TX02590,C0160,2026-04-16 22:56:00,919.86,BANK_TRANSFER,Pharmacy,Jaipur,1515,1445.65,10
TX02619,C0453,2026-04-17 00:17:00,1769.51,ATM,Online Shopping,Chandigarh,2643,1674.46,4
TX01165,C0471,2026-04-17 00:34:00,940.24,BANK_TRANSFER,Utilities,Jaipur,3140,1221.85,10
TX02388,C0463,2026-04-17 06:42:00,702.73,UPI,Utilities,Chandigarh,184,1001.57,6
TX02177,C0001,2026-04-17 06:53:00,423.35,CARD,Online Shopping,Mumbai,3204,1526.54,11
TX01945,C0310,2026-04-17 13:16:00,1299.83,CARD,Electronics,Dehradun,518,1491.13,8
TX02541,C0258,2026-04-17 13:54:00,196.78,ATM,Online Shopping,Mumbai,1619,1767.3,5
TX00902,C0462,2026-04-17 16:35:00,3808.39,BANK_TRANSFER,Restaurant,Jaipur,3039,1988.46,6
TX01409,C0198,2026-04-17 17:24:00,1517.19,ATM,Restaurant,Mumbai,2759,732.62,6
TX02215,C0485,2026-04-17 17:41:00,1474.44,BANK_TRANSFER,Grocery,Chandigarh,714,3141.51,10
TX02054,C0131,2026-04-17 18:04:00,313.76,BANK_TRANSFER,Travel,Delhi,421,1510.58,5
TX00826,C0321,2026-04-17 20:00:00,299.14,CARD,Utilities,Jaipur,2228,1478.75,5
TX00207,C0099,2026-04-17 21:05:00,4061.62,UPI,Restaurant,Hyderabad,2347,2043.25,6
TX02465,C0374,2026-04-17 23:28:00,3003.11,UPI,Utilities,Dehradun,190,1273.23,9
TX02782,C0160,2026-04-18 04:37:00,562.48,UPI,Utilities,Jaipur,1515,1445.65,10
TX00851,C0076,2026-04-18 05:15:00,893.83,BANK_TRANSFER,Utilities,Mumbai,3529,1922.18,8
TX01791,C0381,2026-04-18 05:21:00,1017.74,UPI,Electronics,Delhi,1949,1054.04,8
TX00054,C0346,2026-04-18 05:53:00,395.65,BANK_TRANSFER,Online Shopping,Jaipur,1184,584.86,5
TX00814,C0390,2026-04-18 07:20:00,4716.51,UPI,Grocery,Dehradun,984,11997.86,7
TX01229,C0256,2026-04-18 11:56:00,608.49,UPI,Travel,Dehradun,671,1344.76,6
TX01767,C0324,2026-04-18 12:43:00,76204.29,UPI,Restaurant,Mumbai,1664,12337.3,7
TX00599,C0388,2026-04-18 12:51:00,967.75,ATM,Grocery,Dehradun,2765,4170.96,4
TX02610,C0354,2026-04-18 13:15:00,2524.58,CARD,Online Shopping,Chandigarh,1678,2184.55,5
TX00946,C0397,2026-04-18 15:09:00,1774.75,UPI,Pharmacy,Hyderabad,2307,8524.18,10
TX01467,C0424,2026-04-18 18:11:00,2249.48,ATM,Electronics,Dehradun,2554,1705.12,7
TX01765,C0484,2026-04-18 19:16:00,848.54,CARD,Pharmacy,Pune,65,1039.11,2
TX02602,C0326,2026-04-18 20:20:00,1524.89,UPI,Electronics,Chandigarh,1817,885.92,8
TX02036,C0392,2026-04-18 22:52:00,694.48,BANK_TRANSFER,Utilities,Delhi,3476,2284.46,4
TX01827,C0022,2026-04-18 22:54:00,357.7,CARD,Travel,Chandigarh,2421,666.03,4
TX01817,C0375,2026-04-18 22:55:00,871.42,BANK_TRANSFER,Grocery,Chandigarh,1633,1076.41,5
TX02850,C0229,2026-04-18 23:03:00,1100.73,ATM,Pharmacy,Delhi,678,887.25,11
TX01403,C0149,2026-04-19 03:15:00,1398.03,BANK_TRANSFER,Restaurant,Jaipur,532,2098.03,9
TX02798,C0382,2026-04-19 05:03:00,870.32,BANK_TRANSFER,Online Shopping,Mumbai,1445,2240.04,6
TX00266,C0144,2026-04-19 05:44:00,472.01,BANK_TRANSFER,Online Shopping,Pune,1893,1196.54,8
TX02998,C0409,2026-04-19 06:23:00,1759.07,BANK_TRANSFER,Electronics,Mumbai,989,1236.1,7
TX01536,C0446,2026-04-19 07:40:00,154.65,BANK_TRANSFER,Restaurant,Mumbai,1214,1388.63,9
TX01847,C0387,2026-04-19 07:49:00,3353.43,ATM,Utilities,Hyderabad,3134,2066.03,7
TX02939,C0401,2026-04-19 08:56:00,841.02,CARD,Online Shopping,Delhi,1829,833.86,8
TX02853,C0183,2026-04-19 09:43:00,994.77,CARD,Online Shopping,Delhi,2562,3015.84,6
TX02401,C0493,2026-04-19 13:40:00,915.73,ATM,Travel,Delhi,2548,1479.52,8
TX00324,C0445,2026-04-19 19:15:00,2871.87,CARD,Pharmacy,Delhi,2036,1721.76,9
TX00878,C0089,2026-04-19 20:14:00,1591.77,ATM,Travel,Bengaluru,1159,1032.79,7
TX00234,C0342,2026-04-19 21:22:00,117.68,ATM,Restaurant,Pune,3200,1396.52,10
TX01152,C0087,2026-04-19 23:16:00,1605.01,UPI,Pharmacy,Pune,3491,974.03,6
TX00486,C0485,2026-04-20 00:33:00,1473.01,CARD,Travel,Dehradun,714,3141.51,10
TX00287,C0074,2026-04-20 00:59:00,2556.48,CARD,Travel,Jaipur,3033,2818.88,3
TX01051,C0291,2026-04-20 03:56:00,52082.86,CARD,Restaurant,Jaipur,1177,7019.19,9
TX02684,C0323,2026-04-20 04:10:00,1020.66,ATM,Restaurant,Dehradun,3399,1047.79,6
TX02172,C0133,2026-04-10 14:02:00,631.78,CARD,Grocery,Hyderabad,448,1738.44,11
TX00812,C0259,2026-04-20 06:14:00,957.4,ATM,Restaurant,Pune,884,1730.84,6
TX02219,C0161,2026-04-20 08:01:00,1844.02,BANK_TRANSFER,Electronics,Jaipur,2720,1554.39,9
TX02715,C0134,2026-04-20 09:06:00,462.23,BANK_TRANSFER,Grocery,Chandigarh,2366,934.96,7
TX01420,C0026,2026-04-20 09:22:00,800.25,CARD,Grocery,Jaipur,2463,1128.78,6
TX00686,C0227,2026-04-20 12:23:00,2689.58,BANK_TRANSFER,Electronics,Delhi,1509,8868.64,10
TX01216,C0197,2026-04-20 13:16:00,1726.94,ATM,Pharmacy,Delhi,2655,2877.63,3
TX01024,C0302,2026-04-20 13:30:00,652.99,CARD,Online Shopping,Dehradun,1399,1227.65,9
TX01614,C0486,2026-04-20 14:21:00,3628.24,BANK_TRANSFER,Electronics,Chandigarh,49,3831.04,3
TX02968,C0415,2026-04-20 17:00:00,962.91,BANK_TRANSFER,Pharmacy,Bengaluru,3617,1517.92,5
TX01348,C0148,2026-04-20 20:11:00,1298.09,UPI,Online Shopping,Jaipur,3149,799.78,7
TX00299,C0434,2026-04-20 21:55:00,335.56,BANK_TRANSFER,Utilities,Dehradun,331,1513.95,4
TX01275,C0146,2026-04-21 01:55:00,339.24,UPI,Restaurant,Chandigarh,3007,683.37,9
TX02894,C0034,2026-04-21 05:19:00,268.97,ATM,Restaurant,Chandigarh,2330,1864.9,7
TX00196,C0217,2026-04-21 05:52:00,3409.29,ATM,Electronics,Delhi,1438,1409.34,8
TX02047,C0211,2026-04-21 12:35:00,418.44,BANK_TRANSFER,Utilities,Chandigarh,2068,2911.14,3
TX02432,C0291,2026-04-21 13:13:00,548.37,ATM,Travel,Mumbai,1177,7019.19,9
TX00026,C0108,2026-04-21 14:43:00,743.53,UPI,Utilities,Delhi,367,968.62,7
TX00554,C0447,2026-04-21 15:21:00,821.72,UPI,Travel,Mumbai,3357,9693.25,6
TX02197,C0207,2026-04-21 15:25:00,823.78,CARD,Restaurant,Pune,2011,611.81,4
TX01893,C0222,2026-04-21 15:42:00,331.71,CARD,Online Shopping,Delhi,1002,979.34,6
TX02344,C0143,2026-04-21 18:00:00,340.77,BANK_TRANSFER,Utilities,Hyderabad,230,1078.24,8
TX00081,C0192,2026-04-21 20:27:00,1394.53,UPI,Grocery,Delhi,1213,1373.95,9
TX01919,C0320,2026-04-21 21:39:00,524.77,CARD,Restaurant,Bengaluru,1999,1236.38,8
TX02538,C0441,2026-04-22 01:16:00,1700.92,CARD,Restaurant,Hyderabad,220,1155.62,7
TX02709,C0291,2026-04-22 03:06:00,248.45,ATM,Pharmacy,Pune,1177,7019.19,9
TX01896,C0273,2026-04-22 04:06:00,1131.13,BANK_TRANSFER,Pharmacy,Dehradun,865,952.51,7
TX00178,C0090,2026-04-22 05:13:00,2039.88,ATM,Online Shopping,Hyderabad,1530,1289.35,9
TX01377,C0108,2026-01-20 13:10:00,477.72,UPI,Utilities,Delhi,367,968.62,7
TX00544,C0252,2026-04-22 08:05:00,1796.74,ATM,Electronics,Chandigarh,3182,2559.28,5
TX01488,C0450,2026-02-25 07:45:00,479.51,BANK_TRANSFER,Travel,Dehradun,2095,8258.79,12
TX02508,C0146,2026-04-22 09:50:00,1458.36,CARD,Electronics,Chandigarh,3007,683.37,9
TX00910,C0134,2026-04-22 14:07:00,1829.97,ATM,Electronics,Bengaluru,2366,934.96,7
TX02497,C0347,2026-04-22 14:17:00,1263.14,BANK_TRANSFER,Grocery,Pune,433,1182.78,5
TX01178,C0264,2026-04-22 15:24:00,943.98,BANK_TRANSFER,Pharmacy,Pune,1691,1643.44,12
TX01141,C0055,2026-04-22 15:51:00,735.06,UPI,Grocery,Chandigarh,3586,540.49,6
TX02536,C0078,2026-04-22 18:02:00,564.44,CARD,Online Shopping,Pune,805,1198.18,7
TX00131,C0096,2026-04-22 18:20:00,625.53,CARD,Utilities,Bengaluru,231,1185.61,7
TX02222,C0206,2026-04-22 18:36:00,734.23,BANK_TRANSFER,Pharmacy,Jaipur,1393,776.02,5
TX01505,C0500,2026-04-22 19:08:00,562.51,UPI,Restaurant,Hyderabad,2012,1242.57,9
TX02155,C0301,2026-04-22 19:20:00,783.88,CARD,Pharmacy,Pune,2480,1291.26,8
TX01311,C0190,2026-04-22 19:32:00,583.52,CARD,Electronics,Delhi,1089,1475.66,6
TX01815,C0039,2026-04-22 21:36:00,867.85,UPI,Pharmacy,Pune,2588,2219.73,13
TX02107,C0237,2026-04-22 21:42:00,1779.02,ATM,Grocery,Mumbai,1661,1393.9,8
TX01401,C0264,2026-04-22 22:36:00,911.01,CARD,Grocery,Pune,1691,1643.44,12
TX01608,C0062,2026-04-22 23:01:00,1668.03,BANK_TRANSFER,Utilities,Chandigarh,630,1819.25,7
TX02420,C0290,2026-04-22 23:50:00,250.41,BANK_TRANSFER,Travel,Delhi,3302,1821.9,5
TX02997,C0360,2026-04-22 23:56:00,789.51,BANK_TRANSFER,Utilities,Delhi,3213,621.74,7
TX02923,C0010,2026-04-23 01:27:00,77154.91,ATM,Grocery,Delhi,496,12015.85,7
TX02282,C0303,2026-04-23 01:33:00,934.18,BANK_TRANSFER,Pharmacy,Jaipur,2016,1221.65,13
TX01888,C0387,2026-04-23 01:35:00,1179.23,BANK_TRANSFER,Restaurant,Chandigarh,3134,2066.03,7
TX01356,C0491,2026-02-25 18:53:00,389.54,UPI,Pharmacy,Bengaluru,1001,1212.99,7
TX00534,C0207,2026-04-23 01:39:00,765.62,BANK_TRANSFER,Online Shopping,Mumbai,2011,611.81,4
TX00455,C0224,2026-04-23 02:01:00,943.76,UPI,Grocery,Dehradun,1312,926.43,9
TX01037,C0371,2026-04-23 05:51:00,1662.82,UPI,Pharmacy,Dehradun,3264,1166.57,10
TX02660,C0456,2026-04-23 10:04:00,302.88,UPI,Utilities,Mumbai,1925,16540.77,5
TX02579,C0425,2026-04-23 10:53:00,1613.09,UPI,Pharmacy,Delhi,1099,1134.93,8
TX02654,C0286,2026-04-23 12:52:00,1082.79,CARD,Travel,Hyderabad,3612,792.68,7
TX00221,C0183,2026-04-23 16:56:00,1719.28,BANK_TRANSFER,Grocery,Dehradun,2562,3015.84,6
TX02150,C0449,2026-04-23 17:03:00,818.29,ATM,Online Shopping,Chandigarh,157,1648.9,5
TX02281,C0136,2026-04-23 20:39:00,453.19,BANK_TRANSFER,Travel,Bengaluru,1826,1879.13,8
TX01386,C0044,2026-04-23 21:54:00,712.29,CARD,Grocery,Mumbai,1836,1378.4,4
TX00818,C0407,2026-04-23 21:59:00,785.21,ATM,Grocery,Mumbai,2361,1570.4,9
TX01160,C0321,2026-04-23 22:12:00,2310.82,BANK_TRANSFER,Grocery,Hyderabad,2228,1478.75,5
TX00982,C0023,2026-04-23 22:41:00,494.35,ATM,Restaurant,Jaipur,1545,1053.15,5
TX02751,C0387,2026-04-23 23:08:00,872.01,BANK_TRANSFER,Online Shopping,Pune,3134,2066.03,7
TX00261,C0379,2026-04-24 02:05:00,678.5,CARD,Utilities,Hyderabad,845,1179.34,10
TX01347,C0239,2026-04-24 04:57:00,684.84,ATM,Grocery,Hyderabad,3334,1895.07,10
TX00164,C0043,2026-04-24 05:36:00,1838.92,BANK_TRANSFER,Restaurant,Delhi,1005,1368.74,5
TX00916,C0448,2026-04-24 06:25:00,1917.01,BANK_TRANSFER,Grocery,Delhi,3424,1707.44,3
TX00237,C0019,2026-04-24 06:35:00,966.72,CARD,Utilities,Delhi,1715,791.2,6
TX01327,C0296,2026-04-24 08:11:00,837.18,ATM,Restaurant,Jaipur,1824,1112.11,5
TX02527,C0293,2026-04-24 08:44:00,308.81,CARD,Utilities,Delhi,3427,1099.67,13
TX01799,C0079,2026-04-24 09:30:00,1924.09,ATM,Travel,Jaipur,64,1323.61,5
TX02269,C0290,2026-04-24 13:10:00,2074.69,ATM,Online Shopping,Dehradun,3302,1821.9,5
TX02745,C0110,2026-04-24 17:12:00,402.82,CARD,Grocery,Dehradun,1106,1361.08,3
TX01416,C0059,2026-04-24 17:28:00,1275.14,CARD,Electronics,Delhi,2244,3937.48,7
TX02280,C0026,2026-04-24 22:19:00,739.17,UPI,Pharmacy,Chandigarh,2463,1128.78,6
TX00610,C0434,2026-04-24 23:37:00,836.34,UPI,Online Shopping,Jaipur,331,1513.95,4
TX01601,C0241,2026-04-25 00:24:00,1203.25,UPI,Utilities,Pune,1883,1264.41,4
TX01800,C0416,2026-04-25 00:28:00,1003.63,BANK_TRANSFER,Online Shopping,Hyderabad,576,1746.96,5
TX00940,C0005,2026-04-25 00:29:00,943.97,BANK_TRANSFER,Grocery,Chandigarh,1160,1298.9,11
TX00031,C0365,2026-04-25 01:30:00,477.31,UPI,Utilities,Chandigarh,1914,2345.72,10
TX00062,C0396,2026-04-25 02:28:00,913.42,ATM,Pharmacy,Bengaluru,2115,1350.36,7
TX02631,C0400,2026-04-25 03:06:00,1208.82,CARD,Travel,Bengaluru,2515,676.89,6
TX00608,C0093,2026-04-25 03:45:00,5266.05,UPI,Online Shopping,Mumbai,2807,1845.66,6
TX02924,C0242,2026-04-25 05:45:00,958.7,UPI,Electronics,Hyderabad,1550,1072.68,9
TX01520,C0414,2026-04-25 08:36:00,703.59,ATM,Utilities,Delhi,688,613.92,5
TX02667,C0500,2026-04-25 09:24:00,234.06,BANK_TRANSFER,Grocery,Dehradun,2012,1242.57,9
TX02513,C0439,2026-04-25 11:19:00,1668.56,BANK_TRANSFER,Utilities,Mumbai,1022,1839.58,3
TX01076,C0198,2026-04-25 12:43:00,800.6,CARD,Pharmacy,Delhi,2759,732.62,6
TX00498,C0051,2026-04-25 12:46:00,1225.87,BANK_TRANSFER,Pharmacy,Chandigarh,1297,2925.73,8
TX02761,C0482,2026-04-25 15:02:00,2002.59,BANK_TRANSFER,Grocery,Dehradun,1559,1328.18,10
TX00155,C0179,2026-04-25 17:57:00,461.72,CARD,Restaurant,Chandigarh,1050,1119.18,6
TX02807,C0083,2026-04-25 18:58:00,2755.03,ATM,Travel,Mumbai,1615,3398.14,3
TX02442,C0132,2026-04-25 19:14:00,929.94,ATM,Grocery,Jaipur,1728,1769.98,5
TX00574,C0273,2026-04-25 20:13:00,666.58,BANK_TRANSFER,Electronics,Chandigarh,865,952.51,7
TX01344,C0289,2026-04-25 21:31:00,304.29,UPI,Online Shopping,Chandigarh,638,1001.91,11
TX02535,C0457,2026-04-25 21:51:00,466.3,BANK_TRANSFER,Restaurant,Pune,2763,787.98,7
TX02118,C0478,2026-04-25 23:30:00,833.22,UPI,Restaurant,Delhi,950,1660.18,8
TX01625,C0267,2026-04-26 00:21:00,1568.31,ATM,Travel,Pune,1737,6714.52,8
TX02162,C0118,2026-04-26 00:58:00,633.37,BANK_TRANSFER,Electronics,Delhi,1210,880.1,9
TX00886,C0104,2026-04-26 03:58:00,340.97,ATM,Pharmacy,Bengaluru,1305,1367.55,7
TX01455,C0273,2026-04-26 05:16:00,554.14,ATM,Pharmacy,Delhi,865,952.51,7
TX02399,C0379,2026-04-26 05:41:00,374.82,CARD,Restaurant,Chandigarh,845,1179.34,10
TX02320,C0459,2026-04-04 10:32:00,1312.93,CARD,Online Shopping,Chandigarh,3389,1869.6,13
TX01802,C0459,2026-04-26 07:54:00,915.51,BANK_TRANSFER,Pharmacy,Jaipur,3389,1869.6,13
TX02058,C0035,2026-05-26 17:01:00,2192.39,CARD,Grocery,Pune,777,1287.79,5
TX01957,C0289,2026-04-26 11:04:00,2449.05,UPI,Utilities,Delhi,638,1001.91,11
TX01951,C0424,2026-04-26 13:08:00,1565.72,CARD,Electronics,Dehradun,2554,1705.12,7
TX02918,C0130,2026-04-26 13:51:00,543.56,CARD,Restaurant,Pune,2670,996.99,12
TX00442,C0450,2026-04-26 15:49:00,766.07,ATM,Utilities,Mumbai,2095,8258.79,12
TX00569,C0388,2026-04-26 17:10:00,708.07,CARD,Grocery,Bengaluru,2765,4170.96,4
TX00087,C0451,2026-04-26 18:25:00,1766.17,UPI,Travel,Mumbai,1846,1757.0,3
TX01908,C0386,2026-04-26 18:56:00,560.74,UPI,Electronics,Bengaluru,669,2758.11,7
TX01538,C0153,2026-04-26 18:59:00,1095.57,BANK_TRANSFER,Restaurant,Jaipur,2176,1566.98,7
TX01566,C0226,2026-04-26 19:11:00,1000.92,UPI,Grocery,Jaipur,739,1273.47,10
TX01390,C0017,2026-04-26 23:36:00,1572.51,BANK_TRANSFER,Electronics,Delhi,2949,1497.47,8
TX01982,C0317,2026-04-27 03:45:00,1758.25,ATM,Grocery,Dehradun,670,1973.0,4
TX02359,C0428,2026-04-27 04:06:00,685.21,CARD,Grocery,Chandigarh,2176,1204.34,8
TX01596,C0177,2026-04-27 05:16:00,415.16,CARD,Grocery,Bengaluru,3342,7710.19,9
TX02596,C0067,2026-04-27 05:39:00,2077.84,CARD,Restaurant,Chandigarh,2854,2123.46,5
TX02763,C0025,2026-04-27 06:26:00,1770.7,ATM,Travel,Dehradun,2883,1548.69,12
TX01790,C0436,2026-04-27 08:24:00,1455.45,BANK_TRANSFER,Travel,Chandigarh,636,1676.23,8
TX01269,C0109,2026-04-27 10:03:00,1947.19,ATM,Restaurant,Hyderabad,908,1198.89,5
TX02290,C0452,2026-04-27 11:25:00,740.57,CARD,Utilities,Dehradun,1788,11034.84,6
TX00733,C0443,2026-04-27 11:55:00,917.82,UPI,Online Shopping,Mumbai,1010,1778.61,8
TX02595,C0050,2026-04-27 12:02:00,1790.22,ATM,Restaurant,Jaipur,1929,1606.95,4
TX00073,C0089,2026-04-27 12:26:00,471.59,BANK_TRANSFER,Utilities,Mumbai,1159,1032.79,7
TX01132,C0114,2026-04-27 12:44:00,1352.85,ATM,Grocery,Bengaluru,2265,1369.22,5
TX02582,C0269,2026-05-22 17:53:00,731.75,CARD,Grocery,Jaipur,1725,934.23,6
TX02581,C0196,2026-04-27 15:37:00,407.58,CARD,Online Shopping,Mumbai,1849,2056.8,7
TX02029,C0243,2026-04-27 15:57:00,511.26,BANK_TRANSFER,Restaurant,Chandigarh,2519,1051.62,6
TX00435,C0390,2026-04-27 19:07:00,69388.82,CARD,Utilities,Mumbai,984,11997.86,7
TX00331,C0019,2026-04-27 21:53:00,229.14,CARD,Utilities,Mumbai,1715,791.2,6
TX01259,C0359,2026-04-27 22:12:00,839.71,CARD,Electronics,Hyderabad,3328,6742.79,6
TX02425,C0373,2026-04-27 23:52:00,309.79,BANK_TRANSFER,Travel,Jaipur,1734,3597.1,7
TX02671,C0481,2026-04-28 02:21:00,874.41,UPI,Pharmacy,Jaipur,2905,1255.51,7
TX01724,C0206,2026-04-28 02:33:00,568.86,BANK_TRANSFER,Electronics,Pune,1393,776.02,5
TX02362,C0267,2026-04-28 02:48:00,720.31,ATM,Pharmacy,Dehradun,1737,6714.52,8
TX02231,C0126,2026-04-28 03:16:00,453.97,CARD,Utilities,Bengaluru,1525,841.99,7
TX00719,C0111,2026-04-28 03:45:00,695.46,UPI,Electronics,Pune,821,5289.47,11
TX02004,C0383,2026-04-28 05:08:00,2077.38,UPI,Electronics,Dehradun,1188,2692.07,3
TX01624,C0098,2026-04-28 07:40:00,535.48,BANK_TRANSFER,Electronics,Chandigarh,1025,1626.66,8
TX00049,C0319,2026-04-28 09:53:00,616.21,UPI,Travel,Jaipur,2550,958.7,8
TX01923,C0095,2026-04-28 12:50:00,1425.24,CARD,Grocery,Mumbai,191,664.87,8
TX02804,C0463,2026-04-28 12:57:00,424.16,UPI,Pharmacy,Hyderabad,184,1001.57,6
TX01707,C0045,2026-04-28 13:20:00,340.07,UPI,Electronics,Pune,219,574.15,2
TX01987,C0262,2026-04-28 14:18:00,224.88,UPI,Pharmacy,Delhi,2462,1230.77,8
TX00340,C0058,2026-04-28 14:53:00,1011.99,UPI,Travel,Hyderabad,2918,683.86,8
TX00107,C0400,2026-04-28 16:13:00,593.23,BANK_TRANSFER,Grocery,Hyderabad,2515,676.89,6
TX00766,C0006,2026-04-28 17:44:00,2806.88,BANK_TRANSFER,Electronics,Bengaluru,1125,1694.32,3
TX01879,C0199,2026-04-28 17:48:00,1029.79,ATM,Pharmacy,Bengaluru,2634,2018.79,4
TX00518,C0379,2026-04-28 18:36:00,2692.22,UPI,Electronics,Hyderabad,845,1179.34,10
TX00104,C0500,2026-04-28 18:55:00,2830.35,CARD,Electronics,Hyderabad,2012,1242.57,9
TX02156,C0407,2026-04-28 19:08:00,380.04,ATM,Travel,Chandigarh,2361,1570.4,9
TX00888,C0288,2026-04-28 19:27:00,721.73,CARD,Travel,Bengaluru,2221,1260.21,11
TX01213,C0002,2026-04-28 20:37:00,423.73,ATM,Pharmacy,Chandigarh,3537,1688.5,4
TX00469,C0098,2026-04-28 20:59:00,1503.14,BANK_TRANSFER,Online Shopping,Dehradun,1025,1626.66,8
TX00649,C0337,2026-04-28 22:54:00,331.41,UPI,Utilities,Dehradun,3138,968.33,6
TX02331,C0082,2026-04-28 23:07:00,2437.86,UPI,Restaurant,Dehradun,1985,1235.6,8
TX00870,C0165,2026-04-29 01:03:00,806.86,BANK_TRANSFER,Travel,Hyderabad,2844,1817.26,6
TX00265,C0151,2026-04-29 03:18:00,1911.8,CARD,Online Shopping,Dehradun,1781,1515.67,7
TX00032,C0480,2026-04-29 03:51:00,3349.65,ATM,Utilities,Jaipur,554,4532.22,2
TX01227,C0293,2026-04-29 04:08:00,3744.88,ATM,Pharmacy,Dehradun,3427,1099.67,13
TX02124,C0002,2026-04-29 05:12:00,4069.9,BANK_TRANSFER,Utilities,Chandigarh,3537,1688.5,4
TX01247,C0128,2026-04-29 06:41:00,1947.12,UPI,Utilities,Pune,1192,1856.42,4
TX02232,C0482,2026-04-29 07:01:00,530.61,CARD,Travel,Bengaluru,1559,1328.18,10
TX02289,C0302,2026-04-29 07:50:00,325.19,UPI,Travel,Mumbai,1399,1227.65,9
TX01249,C0209,2026-04-29 08:20:00,2452.51,BANK_TRANSFER,Utilities,Chandigarh,1693,1317.55,4
TX02914,C0120,2026-04-29 09:01:00,1127.49,UPI,Electronics,Delhi,94,907.98,7
TX02600,C0259,2026-04-29 10:03:00,1906.86,CARD,Online Shopping,Pune,884,1730.84,6
TX00777,C0486,2026-04-29 10:35:00,6842.61,ATM,Grocery,Jaipur,49,3831.04,3
TX00995,C0111,2026-04-29 12:19:00,905.91,CARD,Utilities,Chandigarh,821,5289.47,11
TX02956,C0385,2026-04-29 17:06:00,699.03,ATM,Restaurant,Chandigarh,430,973.65,6
TX00626,C0233,2026-04-29 18:24:00,4324.06,ATM,Utilities,Delhi,713,2452.85,8
TX01762,C0196,2026-04-29 18:57:00,1165.87,ATM,Grocery,Chandigarh,1849,2056.8,7
TX01207,C0381,2026-04-29 19:44:00,861.41,CARD,Electronics,Chandigarh,1949,1054.04,8
TX01507,C0446,2026-04-29 21:50:00,4389.87,CARD,Electronics,Chandigarh,1214,1388.63,9
TX02073,C0024,2026-04-29 23:40:00,2557.27,UPI,Restaurant,Pune,3515,1657.31,2
TX01146,C0458,2026-04-30 00:39:00,2531.35,CARD,Utilities,Chandigarh,655,3060.46,6
TX02409,C0399,2026-04-30 01:43:00,1041.2,BANK_TRANSFER,Restaurant,Jaipur,592,1300.65,7
TX02741,C0164,2026-04-30 02:29:00,2046.73,UPI,Online Shopping,Dehradun,532,1496.1,10
TX01667,C0301,2026-04-30 04:50:00,622.87,BANK_TRANSFER,Online Shopping,Bengaluru,2480,1291.26,8
TX00506,C0288,2026-04-30 05:25:00,314.36,CARD,Restaurant,Dehradun,2221,1260.21,11
TX01047,C0313,2026-04-30 06:02:00,289.78,BANK_TRANSFER,Electronics,Dehradun,1693,1185.52,7
TX01966,C0103,2026-04-30 06:29:00,1307.91,CARD,Restaurant,Jaipur,3563,979.38,5
TX02624,C0311,2026-04-30 08:46:00,767.81,UPI,Online Shopping,Pune,3006,1063.84,9
TX00453,C0065,2026-04-30 12:00:00,3532.49,ATM,Pharmacy,Delhi,271,1912.83,5
TX00160,C0065,2026-04-30 14:06:00,1017.22,UPI,Utilities,Pune,271,1912.83,5
TX00348,C0001,2026-04-30 14:26:00,1481.46,ATM,Online Shopping,Jaipur,3204,1526.54,11
TX00371,C0213,2026-04-30 15:56:00,626.96,BANK_TRANSFER,Grocery,Chandigarh,1526,1585.86,6
TX01854,C0445,2026-04-30 17:28:00,957.72,BANK_TRANSFER,Travel,Jaipur,2036,1721.76,9
TX02023,C0012,2026-04-30 18:35:00,1393.5,UPI,Pharmacy,Mumbai,360,1693.95,15
TX02882,C0483,2026-04-30 19:01:00,1727.42,UPI,Travel,Dehradun,2980,1072.43,8
TX02337,C0331,2026-04-30 19:19:00,844.27,UPI,Utilities,Hyderabad,910,892.28,4
TX02405,C0336,2026-04-30 20:24:00,244.06,ATM,Online Shopping,Bengaluru,482,835.86,7
TX01162,C0247,2026-04-30 20:50:00,699.77,ATM,Restaurant,Delhi,3487,993.61,7
TX02978,C0051,2026-04-30 21:22:00,1252.63,CARD,Electronics,Bengaluru,1297,2925.73,8
TX00975,C0011,2026-04-30 22:11:00,1928.41,UPI,Electronics,Dehradun,1268,1224.83,6
TX01031,C0471,2026-04-30 23:02:00,2498.12,CARD,Pharmacy,Delhi,3140,1221.85,10
TX02141,C0326,2026-05-01 00:34:00,1097.09,CARD,Electronics,Chandigarh,1817,885.92,8
TX01965,C0406,2026-05-01 01:46:00,720.4,ATM,Utilities,Dehradun,827,900.82,7
TX00666,C0471,2026-05-01 02:03:00,752.17,CARD,Electronics,Pune,3140,1221.85,10
TX00808,C0139,2026-05-01 08:16:00,236.39,UPI,Pharmacy,Dehradun,3095,356.55,2
TX00781,C0194,2026-05-01 11:15:00,295.49,BANK_TRANSFER,Electronics,Delhi,3344,1728.11,4
TX00774,C0118,2026-05-01 12:09:00,939.23,UPI,Travel,Hyderabad,1210,880.1,9
TX02932,C0290,2026-05-01 14:23:00,1260.47,BANK_TRANSFER,Travel,Pune,3302,1821.9,5
TX02623,C0303,2026-05-01 18:55:00,808.75,UPI,Pharmacy,Delhi,2016,1221.65,13
TX00175,C0035,2026-05-26 17:04:00,1169.09,BANK_TRANSFER,Online Shopping,Chandigarh,777,1287.79,5
TX00277,C0133,2026-05-01 21:20:00,402.29,UPI,Utilities,Delhi,448,1738.44,11
TX02955,C0043,2026-05-02 00:41:00,779.54,BANK_TRANSFER,Grocery,Dehradun,1005,1368.74,5
TX02717,C0336,2026-05-02 01:17:00,315.69,ATM,Electronics,Delhi,482,835.86,7
TX00129,C0147,2026-05-02 04:01:00,709.82,ATM,Online Shopping,Pune,3134,1314.94,8
TX00993,C0473,2026-04-15 19:59:00,1420.96,CARD,Travel,Mumbai,1735,1171.05,5
TX02573,C0387,2026-05-02 06:09:00,1860.93,CARD,Restaurant,Mumbai,3134,2066.03,7
TX02291,C0289,2026-05-02 07:17:00,937.04,BANK_TRANSFER,Restaurant,Dehradun,638,1001.91,11
TX02305,C0498,2026-05-02 09:04:00,3924.59,UPI,Utilities,Dehradun,1853,2188.48,8
TX02783,C0349,2026-05-02 09:34:00,2927.82,CARD,Grocery,Dehradun,2131,1475.19,8
TX01565,C0333,2026-05-02 10:21:00,9146.14,ATM,Pharmacy,Bengaluru,2974,4133.65,4
TX00806,C0293,2026-05-02 11:39:00,303.75,UPI,Restaurant,Pune,3427,1099.67,13
TX00771,C0004,2026-05-02 12:48:00,920.98,BANK_TRANSFER,Online Shopping,Jaipur,1324,1740.16,7
TX00186,C0105,2026-05-02 13:24:00,1059.07,ATM,Grocery,Chandigarh,1046,1016.18,5
TX02144,C0345,2026-05-02 14:13:00,233.98,UPI,Travel,Bengaluru,2285,1927.92,6
TX01885,C0024,2026-05-02 15:40:00,757.35,CARD,Restaurant,Chandigarh,3515,1657.31,2
TX02255,C0380,2026-05-03 00:13:00,805.96,CARD,Pharmacy,Bengaluru,1557,2726.98,6
TX02299,C0069,2026-05-03 01:26:00,766.39,CARD,Travel,Chandigarh,2642,958.6,10
TX01214,C0385,2026-05-03 04:05:00,192.62,UPI,Utilities,Pune,430,973.65,6
TX01033,C0001,2026-05-03 04:23:00,1326.25,BANK_TRANSFER,Grocery,Pune,3204,1526.54,11
TX01304,C0455,2026-05-03 06:28:00,518.0,ATM,Electronics,Bengaluru,1376,11810.65,9
TX02489,C0121,2026-05-03 07:15:00,1102.11,CARD,Online Shopping,Pune,2598,1975.0,5
TX02040,C0183,2026-05-03 08:07:00,816.06,UPI,Online Shopping,Chandigarh,2562,3015.84,6
TX01245,C0494,2026-05-03 11:00:00,1637.58,UPI,Restaurant,Pune,1196,1584.52,7
TX01020,C0214,2026-05-03 12:40:00,342.46,ATM,Restaurant,Hyderabad,3332,1332.83,7
TX01856,C0320,2026-05-03 13:03:00,430.73,CARD,Travel,Chandigarh,1999,1236.38,8
TX00972,C0283,2026-05-03 17:49:00,1801.4,BANK_TRANSFER,Travel,Chandigarh,227,1427.66,3
TX01446,C0223,2026-05-03 18:17:00,450.23,BANK_TRANSFER,Grocery,Delhi,1798,1223.46,10
TX00907,C0039,2026-05-03 20:16:00,1554.52,UPI,Electronics,Dehradun,2588,2219.73,13
TX01349,C0467,2026-05-03 22:44:00,1030.46,ATM,Electronics,Jaipur,3205,1233.2,6
TX00930,C0097,2026-05-04 00:01:00,621.25,BANK_TRANSFER,Electronics,Bengaluru,2011,1564.5,4
TX01346,C0036,2026-05-04 00:14:00,1529.41,ATM,Electronics,Dehradun,2934,2142.3,7
TX00019,C0444,2026-05-04 01:12:00,2432.72,UPI,Grocery,Hyderabad,3005,1403.58,8
TX01433,C0270,2026-05-04 05:16:00,576.86,BANK_TRANSFER,Grocery,Pune,1763,1030.58,5
TX00703,C0025,2026-05-04 06:07:00,839.39,UPI,Pharmacy,Dehradun,2883,1548.69,12
TX02057,C0243,2026-05-04 06:51:00,1589.84,UPI,Online Shopping,Delhi,2519,1051.62,6
TX00607,C0155,2026-05-04 07:15:00,976.83,UPI,Utilities,Mumbai,1925,2065.02,4
TX00840,C0069,2026-05-04 07:42:00,669.23,BANK_TRANSFER,Travel,Mumbai,2642,958.6,10
TX02408,C0124,2026-05-04 08:09:00,1808.03,CARD,Electronics,Delhi,2057,1186.53,4
TX02912,C0192,2026-05-04 09:14:00,574.71,BANK_TRANSFER,Utilities,Delhi,1213,1373.95,9
TX01175,C0097,2026-05-04 09:28:00,2250.71,CARD,Pharmacy,Jaipur,2011,1564.5,4
TX00166,C0285,2026-05-04 09:33:00,759.34,UPI,Online Shopping,Dehradun,1960,1872.85,11
TX02601,C0342,2026-05-04 11:57:00,1381.61,CARD,Online Shopping,Delhi,3200,1396.52,10
TX01959,C0461,2026-05-04 15:43:00,1256.23,CARD,Restaurant,Delhi,1716,2901.41,7
TX02354,C0417,2026-05-04 16:19:00,914.1,BANK_TRANSFER,Travel,Bengaluru,1245,1266.79,7
TX02251,C0308,2026-05-04 16:45:00,498.22,CARD,Restaurant,Bengaluru,1764,1067.63,6
TX00627,C0012,2026-05-04 18:10:00,2289.07,BANK_TRANSFER,Restaurant,Jaipur,360,1693.95,15
TX02800,C0178,2026-05-04 21:10:00,1800.88,ATM,Restaurant,Hyderabad,593,1518.59,9
TX00567,C0133,2026-05-05 11:26:00,3137.47,ATM,Utilities,Bengaluru,448,1738.44,11
TX01755,C0412,2026-05-05 13:33:00,753.84,UPI,Travel,Jaipur,3097,766.98,3
TX02881,C0465,2026-05-05 15:22:00,609.81,BANK_TRANSFER,Restaurant,Jaipur,1439,1756.04,4
TX02104,C0125,2026-05-05 17:22:00,1483.95,CARD,Online Shopping,Jaipur,2725,902.67,5
TX02406,C0303,2026-05-05 19:11:00,2252.34,ATM,Restaurant,Delhi,2016,1221.65,13
TX02348,C0143,2026-05-05 19:21:00,666.71,CARD,Restaurant,Hyderabad,230,1078.24,8
TX01104,C0224,2026-05-05 21:07:00,1194.2,CARD,Travel,Hyderabad,1312,926.43,9
TX01057,C0294,2026-05-05 22:10:00,2184.27,ATM,Online Shopping,Pune,2541,1016.11,5
TX02363,C0355,2026-05-05 22:29:00,634.56,BANK_TRANSFER,Online Shopping,Dehradun,1473,1643.86,6
TX00146,C0340,2026-05-06 01:28:00,6065.82,ATM,Electronics,Dehradun,2086,4014.04,5
TX01695,C0045,2026-05-06 01:38:00,808.23,CARD,Online Shopping,Delhi,219,574.15,2
TX02416,C0277,2026-05-06 01:51:00,2682.91,ATM,Online Shopping,Dehradun,152,1305.17,8
TX02109,C0040,2026-05-06 02:18:00,1388.23,BANK_TRANSFER,Electronics,Bengaluru,2077,1108.32,8
TX01680,C0237,2026-03-21 19:47:00,1660.27,CARD,Online Shopping,Mumbai,1661,1393.9,8
TX02239,C0184,2026-05-06 04:43:00,620.94,CARD,Pharmacy,Pune,3508,1412.1,4
TX02480,C0214,2026-05-06 05:23:00,1385.86,UPI,Grocery,Mumbai,3332,1332.83,7
TX02100,C0243,2026-05-06 08:05:00,898.44,CARD,Electronics,Chandigarh,2519,1051.62,6
TX00531,C0255,2026-05-06 11:23:00,1886.72,ATM,Electronics,Jaipur,31,2259.67,2
TX00086,C0247,2026-05-06 19:04:00,520.23,BANK_TRANSFER,Electronics,Chandigarh,3487,993.61,7
TX01246,C0215,2026-05-06 19:53:00,845.2,ATM,Grocery,Jaipur,2267,1254.13,9
TX02202,C0404,2026-05-06 21:30:00,2229.82,BANK_TRANSFER,Travel,Mumbai,255,1373.04,5
TX01280,C0041,2026-05-07 03:57:00,956.18,CARD,Grocery,Pune,3577,1063.19,5
TX00440,C0303,2026-05-07 04:45:00,1003.95,CARD,Restaurant,Hyderabad,2016,1221.65,13
TX02777,C0146,2026-05-07 05:10:00,750.54,BANK_TRANSFER,Restaurant,Bengaluru,3007,683.37,9
TX00022,C0264,2026-05-07 08:47:00,1247.19,UPI,Electronics,Dehradun,1691,1643.44,12
TX00714,C0111,2026-05-07 12:03:00,1426.22,ATM,Restaurant,Delhi,821,5289.47,11
TX00762,C0229,2026-05-07 12:33:00,800.47,ATM,Grocery,Delhi,678,887.25,11
TX01264,C0494,2026-05-07 14:01:00,3292.12,UPI,Travel,Bengaluru,1196,1584.52,7
TX02848,C0014,2026-05-07 16:05:00,4582.56,UPI,Grocery,Jaipur,2165,1497.51,11
TX02322,C0098,2026-05-07 16:53:00,94.94,BANK_TRANSFER,Pharmacy,Mumbai,1025,1626.66,8
TX01429,C0469,2026-05-07 17:42:00,1052.66,CARD,Electronics,Mumbai,275,1473.48,6
TX00573,C0330,2026-05-07 18:11:00,2242.35,ATM,Electronics,Chandigarh,1046,1364.96,9
TX01130,C0476,2026-05-07 22:24:00,769.58,CARD,Travel,Dehradun,1920,843.02,9
TX00057,C0117,2026-05-07 23:33:00,317.79,UPI,Grocery,Jaipur,3142,846.39,11
TX02448,C0351,2026-05-08 00:27:00,3084.74,ATM,Utilities,Pune,1726,2350.53,2
TX02394,C0343,2026-05-08 02:25:00,191.47,BANK_TRANSFER,Utilities,Bengaluru,1712,586.43,2
TX00380,C0402,2026-05-08 03:19:00,516.18,UPI,Grocery,Dehradun,3384,1417.77,5
TX00471,C0099,2026-05-08 03:55:00,1718.93,CARD,Online Shopping,Mumbai,2347,2043.25,6
TX00794,C0275,2026-05-08 04:03:00,1059.26,CARD,Restaurant,Mumbai,232,1161.93,5
TX02606,C0258,2026-05-08 04:51:00,2123.52,CARD,Utilities,Bengaluru,1619,1767.3,5
TX02475,C0141,2026-05-08 06:23:00,6040.5,UPI,Pharmacy,Dehradun,3129,1677.43,9
TX02482,C0393,2026-05-08 06:37:00,733.95,CARD,Grocery,Dehradun,1075,1361.5,7
TX01544,C0073,2026-05-08 07:01:00,913.5,BANK_TRANSFER,Grocery,Hyderabad,1420,1403.31,8
TX01134,C0166,2026-05-08 09:28:00,491.55,UPI,Travel,Delhi,427,1412.29,6
TX01930,C0102,2026-05-08 09:30:00,298.67,ATM,Electronics,Dehradun,485,3389.17,7
TX02138,C0084,2026-05-08 12:40:00,1920.45,CARD,Grocery,Dehradun,3489,1242.41,10
TX00504,C0369,2026-05-08 18:30:00,1515.41,ATM,Online Shopping,Dehradun,367,2083.23,7
TX00045,C0158,2026-05-08 19:18:00,2820.91,UPI,Grocery,Pune,990,1397.72,9
TX02366,C0462,2026-05-08 20:00:00,3001.13,ATM,Utilities,Bengaluru,3039,1988.46,6
TX00347,C0423,2026-05-08 20:31:00,243.16,CARD,Travel,Delhi,2235,2157.5,4
TX02221,C0179,2026-05-08 20:37:00,1863.4,BANK_TRANSFER,Electronics,Hyderabad,1050,1119.18,6
TX02873,C0493,2026-05-08 21:34:00,4639.35,UPI,Pharmacy,Hyderabad,2548,1479.52,8
TX00313,C0500,2026-05-08 23:16:00,362.9,BANK_TRANSFER,Grocery,Bengaluru,2012,1242.57,9
TX00768,C0468,2026-05-08 23:38:00,1630.06,UPI,Online Shopping,Mumbai,3494,943.62,4
TX01708,C0314,2026-05-09 00:13:00,1187.73,BANK_TRANSFER,Online Shopping,Delhi,2628,1019.29,7
TX00258,C0396,2026-05-09 03:07:00,2685.25,BANK_TRANSFER,Electronics,Mumbai,2115,1350.36,7
TX00920,C0157,2026-05-09 03:46:00,2334.26,CARD,Online Shopping,Dehradun,1600,1903.19,7
TX00197,C0277,2026-05-09 03:51:00,963.5,CARD,Utilities,Mumbai,152,1305.17,8
TX00662,C0214,2026-05-09 03:52:00,538.57,BANK_TRANSFER,Travel,Jaipur,3332,1332.83,7
TX02704,C0049,2026-05-09 05:31:00,2622.34,ATM,Restaurant,Hyderabad,592,1611.68,6
TX01471,C0364,2026-05-09 05:44:00,1601.76,BANK_TRANSFER,Travel,Jaipur,2230,1600.47,7
TX00693,C0028,2026-05-09 07:50:00,1166.3,CARD,Grocery,Hyderabad,985,1481.96,5
TX00856,C0320,2026-05-09 11:18:00,250.14,CARD,Pharmacy,Mumbai,1999,1236.38,8
TX00402,C0460,2026-05-09 12:24:00,1070.93,CARD,Restaurant,Jaipur,2931,973.7,6
TX02591,C0149,2026-05-09 12:50:00,1628.45,CARD,Restaurant,Jaipur,532,2098.03,9
TX02419,C0275,2026-05-09 13:14:00,1060.39,BANK_TRANSFER,Online Shopping,Dehradun,232,1161.93,5
TX01688,C0353,2026-05-09 14:33:00,1349.91,CARD,Restaurant,Delhi,616,961.77,7
TX01603,C0379,2026-05-09 17:23:00,200.8,CARD,Utilities,Jaipur,845,1179.34,10
TX00551,C0335,2026-05-09 17:33:00,757.95,BANK_TRANSFER,Travel,Dehradun,2331,900.87,7
TX00839,C0305,2026-05-09 18:02:00,785.01,ATM,Restaurant,Mumbai,176,2156.1,10
TX00292,C0230,2026-06-12 12:50:00,4938.51,BANK_TRANSFER,Grocery,Delhi,347,2485.15,3
TX02079,C0382,2026-05-09 20:42:00,1847.98,ATM,Grocery,Hyderabad,1445,2240.04,6
TX00799,C0140,2026-05-09 21:23:00,392.34,CARD,Grocery,Delhi,2118,414.99,2
TX01235,C0355,2026-05-09 23:02:00,835.86,ATM,Electronics,Mumbai,1473,1643.86,6
TX00089,C0154,2026-05-10 03:20:00,2599.73,UPI,Online Shopping,Delhi,2761,1193.2,11
TX01660,C0461,2026-05-10 04:08:00,1059.22,CARD,Grocery,Dehradun,1716,2901.41,7
TX01215,C0303,2026-05-10 06:21:00,223.43,ATM,Restaurant,Bengaluru,2016,1221.65,13
TX00677,C0003,2026-05-10 07:03:00,3103.28,UPI,Online Shopping,Dehradun,890,10038.44,6
TX02792,C0005,2026-05-10 07:42:00,1338.88,UPI,Travel,Delhi,1160,1298.9,11
TX01391,C0330,2026-05-10 09:02:00,391.51,ATM,Travel,Dehradun,1046,1364.96,9
TX02258,C0498,2026-05-10 10:58:00,4253.32,UPI,Utilities,Pune,1853,2188.48,8
TX01091,C0084,2026-05-10 15:51:00,757.46,BANK_TRANSFER,Travel,Dehradun,3489,1242.41,10
TX00298,C0393,2026-05-10 17:22:00,619.41,UPI,Travel,Pune,1075,1361.5,7
TX01909,C0344,2026-05-10 17:25:00,430.02,CARD,Utilities,Dehradun,2893,1583.55,7
TX01890,C0046,2026-05-10 17:42:00,494.61,ATM,Pharmacy,Jaipur,3035,984.55,6
TX00017,C0054,2026-05-10 18:39:00,362.58,UPI,Electronics,Mumbai,3232,1051.87,5
TX00012,C0305,2026-05-10 19:49:00,6986.49,BANK_TRANSFER,Grocery,Hyderabad,176,2156.1,10
TX00508,C0348,2026-05-10 21:25:00,443.69,BANK_TRANSFER,Travel,Dehradun,2229,1870.41,5
TX02710,C0158,2026-05-10 21:59:00,808.35,BANK_TRANSFER,Pharmacy,Hyderabad,990,1397.72,9
TX01836,C0477,2026-05-10 23:01:00,318.86,BANK_TRANSFER,Electronics,Mumbai,1871,2005.42,8
TX02189,C0165,2026-05-11 01:13:00,227.77,BANK_TRANSFER,Online Shopping,Bengaluru,2844,1817.26,6
TX02981,C0261,2026-05-11 02:36:00,2187.28,UPI,Grocery,Jaipur,3326,1835.09,8
TX01933,C0267,2026-05-11 02:40:00,2896.88,UPI,Electronics,Dehradun,1737,6714.52,8
TX00288,C0442,2026-05-11 03:13:00,755.42,CARD,Pharmacy,Chandigarh,2330,13944.45,6
TX01059,C0391,2026-05-11 04:35:00,579.56,UPI,Electronics,Chandigarh,499,2513.78,7
TX01210,C0285,2026-05-11 04:52:00,376.82,CARD,Electronics,Chandigarh,1960,1872.85,11
TX00470,C0105,2026-05-11 04:59:00,873.07,CARD,Pharmacy,Chandigarh,1046,1016.18,5
TX02288,C0345,2026-05-11 09:02:00,5489.6,UPI,Utilities,Chandigarh,2285,1927.92,6
TX02621,C0477,2026-05-11 11:02:00,1476.88,CARD,Utilities,Dehradun,1871,2005.42,8
TX02180,C0374,2026-05-11 11:41:00,829.21,CARD,Utilities,Pune,190,1273.23,9
TX00532,C0303,2026-05-11 14:54:00,1131.47,UPI,Restaurant,Dehradun,2016,1221.65,13
TX02133,C0381,2026-05-11 15:12:00,1053.72,ATM,Electronics,Delhi,1949,1054.04,8
TX02764,C0079,2026-05-11 16:37:00,1838.03,CARD,Utilities,Dehradun,64,1323.61,5
TX00931,C0485,2026-05-11 18:32:00,198.87,ATM,Travel,Jaipur,714,3141.51,10
TX01953,C0242,2026-05-11 19:56:00,187.26,CARD,Travel,Dehradun,1550,1072.68,9
TX01932,C0392,2026-05-11 20:16:00,2369.04,ATM,Pharmacy,Chandigarh,3476,2284.46,4
TX02773,C0141,2026-05-11 23:07:00,1230.31,CARD,Online Shopping,Chandigarh,3129,1677.43,9
TX01155,C0288,2026-05-12 01:02:00,1609.09,ATM,Utilities,Bengaluru,2221,1260.21,11
TX02332,C0397,2026-05-12 02:38:00,73412.3,UPI,Grocery,Bengaluru,2307,8524.18,10
TX02342,C0089,2026-05-12 02:42:00,2377.5,UPI,Pharmacy,Mumbai,1159,1032.79,7
TX02426,C0052,2026-05-12 02:48:00,806.98,CARD,Electronics,Bengaluru,2909,1775.83,4
TX01838,C0303,2026-05-12 03:31:00,2329.63,UPI,Travel,Delhi,2016,1221.65,13
TX00705,C0013,2026-05-12 06:25:00,426.76,CARD,Utilities,Jaipur,1512,1631.17,5
TX02904,C0413,2026-05-12 07:34:00,910.4,CARD,Travel,Hyderabad,845,982.54,4
TX02346,C0076,2026-05-12 13:24:00,1249.19,UPI,Online Shopping,Pune,3529,1922.18,8
TX02264,C0358,2026-05-12 15:00:00,1547.95,BANK_TRANSFER,Electronics,Hyderabad,283,3830.55,3
TX02933,C0264,2026-05-12 15:43:00,441.93,CARD,Travel,Chandigarh,1691,1643.44,12
TX01495,C0247,2026-05-12 17:23:00,989.72,BANK_TRANSFER,Travel,Mumbai,3487,993.61,7
TX02483,C0026,2026-05-12 19:00:00,2690.09,BANK_TRANSFER,Utilities,Delhi,2463,1128.78,6
TX02858,C0246,2026-05-12 19:39:00,215.2,BANK_TRANSFER,Travel,Jaipur,3611,1499.62,5
TX01442,C0315,2026-05-12 21:24:00,711.46,UPI,Restaurant,Delhi,2415,628.92,3
TX02378,C0412,2026-05-12 21:55:00,552.4,BANK_TRANSFER,Online Shopping,Dehradun,3097,766.98,3
TX01415,C0143,2026-05-13 00:23:00,2338.57,UPI,Electronics,Chandigarh,230,1078.24,8
TX00869,C0213,2026-05-13 01:56:00,1061.88,CARD,Utilities,Bengaluru,1526,1585.86,6
TX02653,C0121,2026-05-13 02:58:00,5693.33,UPI,Utilities,Pune,2598,1975.0,5
TX01209,C0036,2026-05-13 03:24:00,2296.11,BANK_TRANSFER,Grocery,Mumbai,2934,2142.3,7
TX02106,C0131,2026-05-13 04:50:00,1711.21,UPI,Electronics,Pune,421,1510.58,5
TX01288,C0076,2026-05-13 11:35:00,3615.68,ATM,Travel,Bengaluru,3529,1922.18,8
TX00376,C0227,2026-05-13 18:33:00,1185.27,UPI,Online Shopping,Dehradun,1509,8868.64,10
TX02447,C0263,2026-05-13 19:34:00,659.72,UPI,Restaurant,Bengaluru,3504,7253.01,5
TX02921,C0029,2026-05-13 23:23:00,2206.0,CARD,Restaurant,Jaipur,2354,1300.64,8
TX00992,C0210,2026-05-14 00:15:00,1878.91,BANK_TRANSFER,Grocery,Chandigarh,1559,944.86,4
TX02910,C0113,2026-05-14 00:55:00,569.73,ATM,Online Shopping,Bengaluru,793,2407.68,6
TX02407,C0117,2026-05-14 01:32:00,983.14,ATM,Travel,Mumbai,3142,846.39,11
TX00004,C0186,2026-05-14 06:26:00,551.18,UPI,Restaurant,Mumbai,2826,1819.72,5
TX00066,C0001,2026-05-14 06:36:00,835.44,ATM,Travel,Pune,3204,1526.54,11
TX02316,C0245,2026-05-14 06:41:00,1681.94,BANK_TRANSFER,Pharmacy,Dehradun,1321,2324.01,3
TX00345,C0383,2026-05-14 06:59:00,5536.5,UPI,Utilities,Jaipur,1188,2692.07,3
TX01185,C0120,2026-05-14 08:50:00,678.14,UPI,Restaurant,Chandigarh,94,907.98,7
TX01986,C0009,2026-05-14 14:20:00,189.51,CARD,Utilities,Mumbai,2199,1370.34,7
TX01050,C0425,2026-06-26 17:29:00,174.42,BANK_TRANSFER,Pharmacy,Pune,1099,1134.93,8
TX02638,C0003,2026-05-14 16:27:00,340.61,BANK_TRANSFER,Grocery,Hyderabad,890,10038.44,6
TX02973,C0399,2026-05-14 17:00:00,1582.24,BANK_TRANSFER,Grocery,Chandigarh,592,1300.65,7
TX00868,C0291,2026-05-14 18:27:00,830.86,UPI,Pharmacy,Mumbai,1177,7019.19,9
TX00268,C0039,2026-02-19 23:18:00,728.63,CARD,Utilities,Chandigarh,2588,2219.73,13
TX01406,C0485,2026-05-14 18:48:00,373.81,ATM,Grocery,Chandigarh,714,3141.51,10
TX01715,C0160,2026-05-14 19:01:00,461.5,CARD,Electronics,Delhi,1515,1445.65,10
TX02861,C0149,2026-05-14 21:29:00,520.55,CARD,Grocery,Pune,532,2098.03,9
TX01530,C0142,2026-05-14 22:01:00,424.82,ATM,Grocery,Mumbai,2212,855.31,4
TX01997,C0178,2026-05-14 23:28:00,4390.72,CARD,Online Shopping,Chandigarh,593,1518.59,9
TX01109,C0379,2026-05-15 00:17:00,4368.41,UPI,Pharmacy,Chandigarh,845,1179.34,10
TX01179,C0418,2026-05-15 00:58:00,2786.04,UPI,Electronics,Delhi,3150,1462.94,6
TX01306,C0173,2026-05-15 02:47:00,4533.31,UPI,Online Shopping,Delhi,2969,2082.19,12
TX01340,C0246,2026-05-15 03:49:00,2319.85,ATM,Utilities,Jaipur,3611,1499.62,5
TX02519,C0108,2026-05-15 04:12:00,1045.5,BANK_TRANSFER,Travel,Chandigarh,367,968.62,7
TX02869,C0013,2026-05-15 04:18:00,2475.13,UPI,Electronics,Delhi,1512,1631.17,5
TX02368,C0450,2026-02-25 07:39:00,1576.28,ATM,Electronics,Delhi,2095,8258.79,12
TX02002,C0111,2026-05-15 06:03:00,1678.43,ATM,Grocery,Pune,821,5289.47,11
TX00059,C0279,2026-05-15 11:10:00,585.39,UPI,Travel,Delhi,796,808.66,4
TX02449,C0108,2026-01-20 13:04:00,247.9,ATM,Travel,Dehradun,367,968.62,7
TX01157,C0391,2026-05-15 17:12:00,573.63,UPI,Grocery,Hyderabad,499,2513.78,7
TX02605,C0172,2026-05-15 19:46:00,1032.88,BANK_TRANSFER,Grocery,Bengaluru,1911,1008.52,4
TX00773,C0134,2026-05-15 23:55:00,784.69,CARD,Pharmacy,Pune,2366,934.96,7
TX02397,C0498,2026-05-15 23:58:00,1073.05,BANK_TRANSFER,Pharmacy,Jaipur,1853,2188.48,8
TX01083,C0150,2026-05-16 00:14:00,785.45,CARD,Travel,Hyderabad,2484,1858.97,6
TX02830,C0221,2026-05-16 01:58:00,696.03,CARD,Restaurant,Hyderabad,2705,2216.49,5
TX00293,C0007,2026-05-16 06:20:00,655.47,BANK_TRANSFER,Grocery,Pune,3122,1370.33,9
TX01044,C0137,2026-05-16 07:58:00,623.78,ATM,Electronics,Bengaluru,3591,731.09,5
TX02435,C0106,2026-05-16 08:00:00,1016.54,BANK_TRANSFER,Grocery,Bengaluru,2373,880.73,6
TX01701,C0155,2026-05-16 11:46:00,2800.37,ATM,Electronics,Dehradun,1925,2065.02,4
TX02560,C0068,2026-05-16 12:05:00,2346.64,ATM,Online Shopping,Dehradun,3447,1273.92,5
TX00321,C0252,2026-05-16 15:21:00,2264.43,CARD,Electronics,Dehradun,3182,2559.28,5
TX00280,C0221,2026-05-16 15:43:00,4267.08,BANK_TRANSFER,Pharmacy,Delhi,2705,2216.49,5
TX00945,C0294,2026-05-16 18:39:00,370.29,UPI,Restaurant,Pune,2541,1016.11,5
TX00710,C0067,2026-05-16 19:48:00,2496.39,ATM,Pharmacy,Delhi,2854,2123.46,5
TX00716,C0111,2026-05-16 19:50:00,645.68,BANK_TRANSFER,Grocery,Bengaluru,821,5289.47,11
TX01811,C0465,2026-05-16 23:15:00,3829.32,UPI,Pharmacy,Hyderabad,1439,1756.04,4
TX00152,C0033,2026-05-17 01:46:00,444.19,UPI,Pharmacy,Chandigarh,51,1529.2,2
TX00585,C0043,2026-05-17 01:58:00,836.71,BANK_TRANSFER,Online Shopping,Jaipur,1005,1368.74,5
TX00511,C0039,2026-05-17 04:19:00,823.04,UPI,Utilities,Chandigarh,2588,2219.73,13
TX01464,C0131,2026-05-17 09:29:00,1351.24,ATM,Travel,Mumbai,421,1510.58,5
TX01744,C0163,2026-05-17 11:24:00,3518.75,CARD,Pharmacy,Bengaluru,3319,1766.91,6
TX00404,C0156,2026-05-17 11:33:00,2448.91,CARD,Utilities,Chandigarh,2803,2289.42,5
TX02015,C0003,2026-05-17 11:59:00,511.99,ATM,Pharmacy,Pune,890,10038.44,6
TX01685,C0336,2026-05-17 15:29:00,908.96,BANK_TRANSFER,Utilities,Chandigarh,482,835.86,7
TX02132,C0316,2026-05-17 16:36:00,930.96,BANK_TRANSFER,Online Shopping,Bengaluru,2949,1300.8,10
TX01443,C0215,2026-05-17 17:23:00,1831.18,ATM,Restaurant,Jaipur,2267,1254.13,9
TX00494,C0078,2026-05-17 18:24:00,1402.14,UPI,Restaurant,Delhi,805,1198.18,7
TX02452,C0397,2026-05-17 19:04:00,1259.8,BANK_TRANSFER,Electronics,Chandigarh,2307,8524.18,10
TX00199,C0164,2026-05-17 23:34:00,3118.12,ATM,Electronics,Delhi,532,1496.1,10
TX01873,C0008,2026-05-18 00:07:00,934.7,UPI,Travel,Mumbai,1668,1545.23,9
TX00210,C0466,2026-05-18 00:22:00,2033.99,BANK_TRANSFER,Electronics,Delhi,814,1073.19,10
TX00329,C0202,2026-05-18 00:24:00,333.31,UPI,Online Shopping,Delhi,2723,1433.21,8
TX01106,C0478,2026-05-18 01:13:00,780.95,ATM,Utilities,Mumbai,950,1660.18,8
TX01476,C0004,2026-05-18 02:14:00,4509.85,BANK_TRANSFER,Pharmacy,Jaipur,1324,1740.16,7
TX02238,C0223,2026-05-18 09:07:00,4077.12,BANK_TRANSFER,Utilities,Pune,1798,1223.46,10
TX02321,C0324,2026-05-18 09:14:00,1514.2,UPI,Travel,Delhi,1664,12337.3,7
TX02314,C0269,2026-03-07 10:59:00,273.96,CARD,Grocery,Delhi,1725,934.23,6
TX02514,C0242,2026-05-18 09:33:00,711.87,CARD,Travel,Hyderabad,1550,1072.68,9
TX01303,C0309,2026-05-18 10:17:00,796.32,CARD,Utilities,Chandigarh,1873,883.63,5
TX01526,C0478,2026-05-18 11:57:00,4628.91,BANK_TRANSFER,Electronics,Hyderabad,950,1660.18,8
TX00663,C0014,2026-05-18 13:52:00,373.12,ATM,Electronics,Chandigarh,2165,1497.51,11
TX01877,C0050,2026-05-18 14:01:00,2955.09,BANK_TRANSFER,Utilities,Hyderabad,1929,1606.95,4
TX02808,C0393,2026-05-18 16:15:00,2415.75,ATM,Electronics,Hyderabad,1075,1361.5,7
TX00458,C0267,2026-05-18 17:38:00,472.93,CARD,Grocery,Delhi,1737,6714.52,8
TX02805,C0457,2026-05-18 19:32:00,1288.92,BANK_TRANSFER,Utilities,Jaipur,2763,787.98,7
TX00638,C0249,2026-05-18 19:46:00,1477.65,CARD,Pharmacy,Delhi,3214,733.79,7
TX00420,C0192,2026-02-06 12:14:00,136.24,UPI,Utilities,Pune,1213,1373.95,9
TX01731,C0013,2026-05-18 23:02:00,1056.8,BANK_TRANSFER,Electronics,Chandigarh,1512,1631.17,5
TX01411,C0025,2026-05-18 23:34:00,3208.79,BANK_TRANSFER,Restaurant,Pune,2883,1548.69,12
TX00892,C0353,2026-05-19 02:14:00,201.18,BANK_TRANSFER,Utilities,Delhi,616,961.77,7
TX02971,C0139,2026-05-19 02:30:00,476.71,CARD,Grocery,Jaipur,3095,356.55,2
TX01332,C0295,2026-05-19 05:08:00,290.96,ATM,Restaurant,Mumbai,3450,1102.06,5
TX01212,C0082,2026-05-19 05:19:00,2149.16,ATM,Online Shopping,Dehradun,1985,1235.6,8
TX02371,C0003,2026-05-19 06:09:00,1442.47,CARD,Utilities,Hyderabad,890,10038.44,6
TX02652,C0321,2026-05-19 07:07:00,2240.4,UPI,Pharmacy,Pune,2228,1478.75,5
TX01576,C0310,2026-05-19 07:30:00,1761.05,BANK_TRANSFER,Online Shopping,Jaipur,518,1491.13,8
TX01136,C0319,2026-05-19 08:06:00,1517.89,BANK_TRANSFER,Online Shopping,Delhi,2550,958.7,8
TX02512,C0481,2026-05-19 08:07:00,1861.23,BANK_TRANSFER,Restaurant,Delhi,2905,1255.51,7
TX00320,C0070,2026-05-19 08:24:00,735.13,ATM,Pharmacy,Pune,2975,723.98,3
TX01402,C0479,2026-05-19 09:37:00,2914.08,ATM,Grocery,Hyderabad,2485,2914.08,1
TX02554,C0459,2026-05-19 10:38:00,1796.57,BANK_TRANSFER,Grocery,Mumbai,3389,1869.6,13
TX00969,C0292,2026-05-19 13:14:00,4303.5,CARD,Pharmacy,Chandigarh,216,2349.0,6
TX00896,C0481,2026-05-19 13:26:00,741.32,BANK_TRANSFER,Online Shopping,Jaipur,2905,1255.51,7
TX02039,C0309,2026-05-19 14:06:00,1371.27,ATM,Restaurant,Delhi,1873,883.63,5
TX02928,C0277,2026-05-20 00:19:00,1760.24,UPI,Travel,Dehradun,152,1305.17,8
TX01730,C0224,2026-05-20 00:56:00,742.9,UPI,Electronics,Jaipur,1312,926.43,9
TX00828,C0101,2026-05-20 03:35:00,1917.47,CARD,Utilities,Pune,3372,1325.08,9
TX01365,C0129,2026-05-20 03:51:00,3891.64,CARD,Utilities,Hyderabad,1552,2168.94,5
TX00112,C0039,2026-02-19 23:24:00,2463.05,BANK_TRANSFER,Online Shopping,Bengaluru,2588,2219.73,13
TX01654,C0090,2026-05-20 05:50:00,636.98,CARD,Electronics,Dehradun,1530,1289.35,9
TX02217,C0059,2026-05-20 07:36:00,4334.5,CARD,Restaurant,Dehradun,2244,3937.48,7
TX01602,C0061,2026-05-20 08:46:00,2299.56,CARD,Restaurant,Hyderabad,2465,1754.67,5
TX01330,C0113,2026-05-20 09:02:00,2286.4,CARD,Electronics,Jaipur,793,2407.68,6
TX00302,C0194,2026-05-20 09:51:00,4809.28,UPI,Restaurant,Hyderabad,3344,1728.11,4
TX01489,C0311,2026-05-20 15:07:00,313.06,CARD,Utilities,Delhi,3006,1063.84,9
TX01682,C0262,2026-04-01 09:53:00,1389.67,ATM,Travel,Delhi,2462,1230.77,8
TX00188,C0196,2026-05-20 16:33:00,3295.4,BANK_TRANSFER,Online Shopping,Hyderabad,1849,2056.8,7
TX01766,C0242,2026-05-20 16:53:00,790.43,UPI,Utilities,Delhi,1550,1072.68,9
TX02720,C0014,2026-05-20 19:11:00,837.36,ATM,Travel,Mumbai,2165,1497.51,11
TX02117,C0240,2026-05-20 22:24:00,2228.03,BANK_TRANSFER,Online Shopping,Bengaluru,1166,1377.49,3
TX01696,C0345,2026-05-20 23:28:00,933.04,BANK_TRANSFER,Online Shopping,Delhi,2285,1927.92,6
TX00543,C0192,2026-05-21 00:09:00,1713.18,UPI,Restaurant,Chandigarh,1213,1373.95,9
TX01101,C0049,2026-05-21 00:25:00,4239.53,CARD,Pharmacy,Mumbai,592,1611.68,6
TX01657,C0037,2026-05-21 00:27:00,50142.93,CARD,Grocery,Bengaluru,504,13505.11,4
TX00424,C0201,2026-05-21 02:32:00,794.11,ATM,Online Shopping,Dehradun,3090,13970.79,4
TX02198,C0390,2026-05-21 05:53:00,3332.99,ATM,Online Shopping,Hyderabad,984,11997.86,7
TX02008,C0208,2026-05-21 07:18:00,71573.49,ATM,Electronics,Hyderabad,1384,19492.11,4
TX00372,C0203,2026-05-21 08:04:00,568.93,ATM,Utilities,Dehradun,825,1415.33,4
TX01522,C0359,2026-05-21 08:45:00,1063.67,BANK_TRANSFER,Online Shopping,Hyderabad,3328,6742.79,6
TX01948,C0148,2026-05-21 10:42:00,659.94,UPI,Utilities,Pune,3149,799.78,7
TX01318,C0193,2026-05-21 12:10:00,2155.62,ATM,Grocery,Pune,1752,2395.74,4
TX02700,C0244,2026-05-21 17:14:00,2261.87,ATM,Utilities,Chandigarh,593,1245.03,3
TX00083,C0069,2026-05-21 18:58:00,773.02,CARD,Grocery,Delhi,2642,958.6,10
TX01060,C0210,2026-05-21 19:41:00,133.76,CARD,Utilities,Bengaluru,1559,944.86,4
TX01143,C0131,2026-05-21 20:26:00,3679.43,ATM,Travel,Chandigarh,421,1510.58,5
TX00797,C0020,2026-05-21 21:33:00,403.66,CARD,Electronics,Bengaluru,3410,876.09,7
TX01950,C0202,2026-05-22 00:23:00,3533.69,UPI,Electronics,Chandigarh,2723,1433.21,8
TX00270,C0181,2026-05-22 00:53:00,2795.52,BANK_TRANSFER,Utilities,Bengaluru,1953,1571.77,6
TX02583,C0049,2026-05-22 02:47:00,736.72,UPI,Restaurant,Pune,592,1611.68,6
TX01012,C0287,2026-05-22 04:43:00,740.61,UPI,Travel,Chandigarh,2829,17404.88,6
TX02952,C0333,2026-05-22 07:07:00,2090.81,BANK_TRANSFER,Online Shopping,Bengaluru,2974,4133.65,4
TX02593,C0230,2026-06-12 12:53:00,533.57,ATM,Pharmacy,Pune,347,2485.15,3
TX01645,C0226,2026-05-22 07:49:00,433.87,CARD,Restaurant,Chandigarh,739,1273.47,10
TX01483,C0016,2026-05-22 08:29:00,3270.64,CARD,Restaurant,Delhi,3201,2162.52,3
TX00645,C0107,2026-05-22 08:44:00,1807.31,BANK_TRANSFER,Electronics,Chandigarh,2797,1365.91,4
TX00438,C0256,2026-05-22 15:13:00,1757.52,CARD,Pharmacy,Bengaluru,671,1344.76,6
TX00476,C0006,2026-05-22 15:36:00,480.53,CARD,Online Shopping,Delhi,1125,1694.32,3
TX00832,C0459,2026-05-22 15:56:00,1653.63,BANK_TRANSFER,Electronics,Pune,3389,1869.6,13
TX01496,C0269,2026-05-22 17:59:00,622.23,BANK_TRANSFER,Restaurant,Bengaluru,1725,934.23,6
TX00854,C0001,2026-05-22 19:05:00,2321.95,ATM,Electronics,Dehradun,3204,1526.54,11
TX00330,C0346,2026-05-22 20:51:00,620.93,ATM,Online Shopping,Delhi,1184,584.86,5
TX02192,C0120,2026-05-22 21:58:00,563.67,BANK_TRANSFER,Online Shopping,Dehradun,94,907.98,7
TX02410,C0281,2026-05-22 23:10:00,219.26,CARD,Grocery,Dehradun,2357,3804.7,5
TX00977,C0330,2026-05-22 23:20:00,875.64,UPI,Grocery,Hyderabad,1046,1364.96,9
TX00016,C0271,2026-05-23 01:18:00,1145.11,BANK_TRANSFER,Grocery,Chandigarh,1469,1621.46,6
TX00312,C0342,2026-05-23 02:05:00,1046.7,UPI,Utilities,Hyderabad,3200,1396.52,10
TX01803,C0058,2026-05-23 04:32:00,446.93,ATM,Travel,Chandigarh,2918,683.86,8
TX01421,C0047,2026-05-23 05:19:00,634.51,UPI,Electronics,Bengaluru,2764,1345.73,9
TX01295,C0313,2026-05-23 05:25:00,2040.77,ATM,Pharmacy,Hyderabad,1693,1185.52,7
TX00866,C0316,2026-05-23 08:11:00,2928.86,UPI,Electronics,Delhi,2949,1300.8,10
TX01519,C0266,2026-05-23 10:03:00,1450.71,CARD,Pharmacy,Bengaluru,1106,6751.67,6
TX00968,C0420,2026-05-23 10:26:00,234.38,UPI,Electronics,Jaipur,46,1830.31,8
TX03000,C0450,2026-05-23 12:04:00,73134.58,BANK_TRANSFER,Utilities,Chandigarh,2095,8258.79,12
TX01939,C0076,2026-05-23 12:42:00,4603.62,CARD,Utilities,Delhi,3529,1922.18,8
TX01678,C0347,2026-05-23 13:02:00,855.25,BANK_TRANSFER,Electronics,Mumbai,433,1182.78,5
TX00540,C0435,2026-05-23 13:59:00,517.47,UPI,Restaurant,Hyderabad,210,2267.54,13
TX02629,C0121,2026-05-23 14:01:00,436.73,BANK_TRANSFER,Restaurant,Jaipur,2598,1975.0,5
TX00999,C0460,2026-05-23 15:25:00,907.45,ATM,Online Shopping,Mumbai,2931,973.7,6
TX02385,C0482,2026-05-23 16:33:00,407.52,CARD,Grocery,Bengaluru,1559,1328.18,10
TX02817,C0080,2026-05-23 18:08:00,502.56,CARD,Restaurant,Bengaluru,2283,986.35,5
TX02212,C0119,2026-05-23 18:26:00,670.19,UPI,Utilities,Delhi,2092,1511.96,7
TX01677,C0040,2026-05-23 19:49:00,560.81,CARD,Online Shopping,Mumbai,2077,1108.32,8
TX02747,C0310,2026-05-23 20:15:00,4171.25,UPI,Pharmacy,Bengaluru,518,1491.13,8
TX00685,C0294,2026-05-23 20:37:00,178.43,CARD,Electronics,Jaipur,2541,1016.11,5
TX01432,C0391,2026-05-23 22:17:00,4649.14,BANK_TRANSFER,Restaurant,Bengaluru,499,2513.78,7
TX02451,C0039,2026-05-23 23:30:00,2230.22,ATM,Travel,Pune,2588,2219.73,13
TX00445,C0286,2026-05-23 23:52:00,563.28,UPI,Online Shopping,Chandigarh,3612,792.68,7
TX02431,C0156,2026-05-24 01:05:00,1652.43,BANK_TRANSFER,Grocery,Chandigarh,2803,2289.42,5
TX01326,C0267,2026-05-24 02:29:00,468.5,UPI,Restaurant,Mumbai,1737,6714.52,8
TX01865,C0027,2026-05-24 03:31:00,530.21,UPI,Pharmacy,Delhi,1245,1889.01,6
TX01739,C0354,2026-05-24 05:35:00,1712.42,ATM,Electronics,Jaipur,1678,2184.55,5
TX00728,C0006,2026-05-24 07:47:00,1795.55,ATM,Electronics,Hyderabad,1125,1694.32,3
TX00765,C0223,2026-05-24 09:50:00,1038.21,CARD,Grocery,Chandigarh,1798,1223.46,10
TX01211,C0188,2026-05-24 09:56:00,279.16,ATM,Restaurant,Hyderabad,3272,1295.75,7
TX01963,C0116,2026-05-24 10:34:00,4594.56,CARD,Grocery,Pune,522,2818.89,3
TX01585,C0218,2026-05-24 11:45:00,1911.56,ATM,Grocery,Delhi,1430,1809.05,6
TX01582,C0107,2026-05-24 11:52:00,602.48,CARD,Pharmacy,Bengaluru,2797,1365.91,4
TX02746,C0336,2026-05-25 02:37:00,396.14,CARD,Grocery,Dehradun,482,835.86,7
TX02622,C0287,2026-05-25 03:45:00,97756.37,BANK_TRANSFER,Online Shopping,Pune,2829,17404.88,6
TX00813,C0161,2026-05-25 04:52:00,2455.56,CARD,Travel,Hyderabad,2720,1554.39,9
TX02650,C0248,2026-05-25 05:11:00,1991.84,BANK_TRANSFER,Utilities,Hyderabad,3488,1991.84,1
TX02891,C0117,2026-05-25 07:39:00,1482.06,ATM,Pharmacy,Hyderabad,3142,846.39,11
TX00153,C0417,2026-05-25 08:01:00,1998.33,UPI,Pharmacy,Delhi,1245,1266.79,7
TX00791,C0410,2026-05-25 08:14:00,821.7,BANK_TRANSFER,Pharmacy,Hyderabad,1534,1293.19,6
TX02005,C0007,2026-05-25 08:30:00,402.53,BANK_TRANSFER,Online Shopping,Pune,3122,1370.33,9
TX01451,C0402,2026-05-25 09:20:00,286.93,UPI,Restaurant,Delhi,3384,1417.77,5
TX01717,C0437,2026-05-25 09:44:00,1271.94,UPI,Utilities,Mumbai,3200,888.15,4
TX02241,C0427,2026-05-25 10:54:00,1528.39,ATM,Restaurant,Delhi,2595,925.21,8
TX00792,C0118,2026-05-25 11:00:00,467.03,UPI,Electronics,Pune,1210,880.1,9
TX01470,C0471,2026-05-25 12:37:00,1027.54,BANK_TRANSFER,Pharmacy,Mumbai,3140,1221.85,10
TX00955,C0157,2026-05-25 13:30:00,1035.14,CARD,Electronics,Jaipur,1600,1903.19,7
TX00165,C0044,2026-05-25 15:46:00,1374.8,UPI,Restaurant,Hyderabad,1836,1378.4,4
TX01527,C0177,2026-05-25 16:17:00,611.67,ATM,Grocery,Bengaluru,3342,7710.19,9
TX02803,C0056,2026-05-25 16:42:00,12477.02,UPI,Travel,Dehradun,676,3741.52,4
TX00613,C0051,2026-05-25 17:12:00,2625.35,UPI,Pharmacy,Pune,1297,2925.73,8
TX00596,C0374,2026-05-25 18:34:00,1837.61,CARD,Utilities,Jaipur,190,1273.23,9
TX00110,C0432,2026-06-11 17:44:00,788.11,ATM,Online Shopping,Bengaluru,3450,1403.74,6
TX02542,C0320,2026-05-25 20:18:00,1034.38,UPI,Restaurant,Dehradun,1999,1236.38,8
TX01756,C0060,2026-05-28 19:22:00,982.85,ATM,Grocery,Bengaluru,1327,1354.0,7
TX01282,C0034,2026-05-25 21:32:00,2351.04,CARD,Pharmacy,Bengaluru,2330,1864.9,7
TX01116,C0305,2026-05-25 22:49:00,1348.92,BANK_TRANSFER,Restaurant,Jaipur,176,2156.1,10
TX01099,C0189,2026-05-25 23:26:00,1315.02,CARD,Restaurant,Dehradun,570,866.23,2
TX00563,C0247,2026-05-26 03:12:00,2718.55,CARD,Online Shopping,Dehradun,3487,993.61,7
TX01921,C0366,2026-05-26 03:42:00,4125.71,BANK_TRANSFER,Utilities,Dehradun,2991,2032.81,5
TX01405,C0215,2026-05-26 04:52:00,1252.81,ATM,Travel,Pune,2267,1254.13,9
TX01291,C0362,2026-05-26 04:58:00,1020.13,BANK_TRANSFER,Grocery,Delhi,1526,1055.17,3
TX02121,C0428,2026-05-26 06:07:00,752.96,BANK_TRANSFER,Utilities,Hyderabad,2176,1204.34,8
TX00281,C0235,2026-05-26 08:29:00,1097.41,UPI,Grocery,Chandigarh,2028,853.66,4
TX02864,C0314,2026-05-26 08:35:00,1994.55,CARD,Grocery,Delhi,2628,1019.29,7
TX02791,C0499,2026-05-26 09:18:00,2681.41,UPI,Utilities,Mumbai,2804,2372.4,4
TX02599,C0058,2026-05-26 10:24:00,1266.7,CARD,Grocery,Dehradun,2918,683.86,8
TX02575,C0136,2026-05-26 11:30:00,1480.17,CARD,Online Shopping,Hyderabad,1826,1879.13,8
TX00853,C0035,2026-05-26 17:01:00,910.22,CARD,Grocery,Dehradun,777,1287.79,5
TX02061,C0438,2026-05-26 18:09:00,572.8,BANK_TRANSFER,Online Shopping,Delhi,729,1233.71,3
TX00105,C0453,2026-05-26 18:43:00,913.72,CARD,Pharmacy,Delhi,2643,1674.46,4
TX02145,C0028,2026-05-26 18:57:00,2215.63,ATM,Restaurant,Hyderabad,985,1481.96,5
TX01646,C0472,2026-05-26 19:09:00,995.74,CARD,Travel,Mumbai,1530,2508.07,5
TX02461,C0440,2026-05-26 20:43:00,891.44,BANK_TRANSFER,Travel,Chandigarh,1169,1641.76,8
TX00819,C0138,2026-05-26 22:35:00,830.2,BANK_TRANSFER,Travel,Chandigarh,2308,961.58,5
TX00023,C0053,2026-05-26 23:48:00,2247.63,UPI,Travel,Delhi,1558,2450.53,6
TX01535,C0146,2026-05-26 23:57:00,411.04,CARD,Electronics,Bengaluru,3007,683.37,9
TX02701,C0490,2026-05-28 15:28:00,1415.11,ATM,Travel,Pune,2731,2000.75,5
TX01958,C0233,2026-05-27 01:27:00,1657.06,ATM,Electronics,Dehradun,713,2452.85,8
TX02832,C0420,2026-06-19 13:08:00,3830.78,CARD,Pharmacy,Bengaluru,46,1830.31,8
TX00067,C0239,2026-05-27 02:32:00,684.93,CARD,Grocery,Delhi,3334,1895.07,10
TX02695,C0427,2026-05-27 03:30:00,165.64,BANK_TRANSFER,Travel,Pune,2595,925.21,8
TX00734,C0440,2026-05-27 06:02:00,597.91,CARD,Electronics,Delhi,1169,1641.76,8
TX02120,C0298,2026-05-27 06:03:00,1275.1,BANK_TRANSFER,Utilities,Mumbai,2841,1050.55,2
TX01901,C0009,2026-05-27 07:49:00,904.59,BANK_TRANSFER,Utilities,Mumbai,2199,1370.34,7
TX02678,C0258,2026-05-27 09:14:00,2841.81,BANK_TRANSFER,Utilities,Jaipur,1619,1767.3,5
TX02665,C0460,2026-05-27 10:17:00,333.36,BANK_TRANSFER,Restaurant,Pune,2931,973.7,6
TX00500,C0205,2026-05-27 12:14:00,610.95,ATM,Pharmacy,Bengaluru,1673,1274.53,3
TX00580,C0053,2026-05-27 14:10:00,220.03,CARD,Utilities,Hyderabad,1558,2450.53,6
TX00582,C0205,2026-05-27 14:52:00,2701.35,CARD,Online Shopping,Dehradun,1673,1274.53,3
TX01006,C0293,2026-05-27 16:27:00,159.26,CARD,Restaurant,Bengaluru,3427,1099.67,13
TX01299,C0168,2026-05-27 18:30:00,1719.65,ATM,Restaurant,Delhi,2872,936.62,5
TX00085,C0349,2026-05-02 09:34:00,1804.12,UPI,Electronics,Mumbai,2131,1475.19,8
TX00082,C0447,2026-05-27 19:14:00,281.44,UPI,Restaurant,Delhi,3357,9693.25,6
TX00228,C0273,2026-05-27 21:25:00,1360.64,UPI,Grocery,Pune,865,952.51,7
TX02304,C0450,2026-05-27 22:27:00,1253.64,CARD,Travel,Delhi,2095,8258.79,12
TX01859,C0280,2026-05-27 23:06:00,8709.49,CARD,Travel,Jaipur,323,3181.88,4
TX01379,C0435,2026-05-28 00:02:00,1702.7,UPI,Utilities,Delhi,210,2267.54,13
TX01978,C0428,2026-05-28 02:27:00,1534.64,CARD,Restaurant,Dehradun,2176,1204.34,8
TX01124,C0257,2026-05-28 02:39:00,2269.38,ATM,Pharmacy,Bengaluru,2297,1496.4,7
TX02670,C0292,2026-05-28 03:53:00,2767.95,ATM,Pharmacy,Jaipur,216,2349.0,6
TX01093,C0177,2026-05-28 04:15:00,57165.47,UPI,Grocery,Delhi,3342,7710.19,9
TX02038,C0119,2026-05-28 04:34:00,3432.55,ATM,Grocery,Hyderabad,2092,1511.96,7
TX02756,C0141,2026-05-28 04:48:00,541.8,ATM,Pharmacy,Dehradun,3129,1677.43,9
TX01935,C0179,2026-05-28 06:59:00,1728.31,UPI,Travel,Hyderabad,1050,1119.18,6
TX01926,C0011,2026-05-28 08:09:00,760.0,CARD,Pharmacy,Mumbai,1268,1224.83,6
TX02350,C0403,2026-05-28 10:15:00,400.82,ATM,Online Shopping,Bengaluru,2104,1431.04,5
TX01196,C0311,2026-05-28 11:04:00,685.45,CARD,Pharmacy,Mumbai,3006,1063.84,9
TX00564,C0106,2026-05-28 11:17:00,759.73,BANK_TRANSFER,Electronics,Mumbai,2373,880.73,6
TX01604,C0490,2026-05-28 15:25:00,1093.61,ATM,Online Shopping,Hyderabad,2731,2000.75,5
TX00283,C0146,2026-05-28 16:41:00,558.22,CARD,Utilities,Jaipur,3007,683.37,9
TX01819,C0157,2026-05-28 17:10:00,884.09,ATM,Grocery,Mumbai,1600,1903.19,7
TX01741,C0448,2026-05-28 18:16:00,1741.29,ATM,Travel,Jaipur,3424,1707.44,3
TX00024,C0060,2026-05-28 19:19:00,613.77,UPI,Pharmacy,Jaipur,1327,1354.0,7
TX02413,C0051,2026-05-28 21:36:00,1815.81,ATM,Travel,Mumbai,1297,2925.73,8
TX00464,C0315,2026-05-28 23:57:00,682.75,CARD,Utilities,Jaipur,2415,628.92,3
TX02609,C0291,2026-05-29 00:24:00,868.91,ATM,Electronics,Delhi,1177,7019.19,9
TX01650,C0328,2026-05-29 04:14:00,3386.19,ATM,Utilities,Dehradun,2423,10347.89,9
TX01168,C0328,2026-05-29 04:57:00,615.09,CARD,Utilities,Bengaluru,2423,10347.89,9
TX00614,C0403,2026-05-29 05:59:00,4022.61,UPI,Restaurant,Pune,2104,1431.04,5
TX01238,C0364,2026-05-29 08:20:00,285.44,CARD,Restaurant,Mumbai,2230,1600.47,7
TX02502,C0019,2026-05-29 08:41:00,754.12,ATM,Pharmacy,Jaipur,1715,791.2,6
TX01659,C0176,2026-05-29 13:59:00,1140.27,ATM,Online Shopping,Mumbai,2820,830.47,4
TX00562,C0030,2026-05-29 15:41:00,3242.37,CARD,Online Shopping,Hyderabad,1214,2041.44,2
TX01670,C0349,2026-05-29 17:02:00,1006.18,ATM,Grocery,Jaipur,2131,1475.19,8
TX00560,C0472,2026-05-29 18:31:00,639.69,CARD,Online Shopping,Hyderabad,1530,2508.07,5
TX02053,C0059,2026-05-29 19:12:00,2373.07,UPI,Pharmacy,Dehradun,2244,3937.48,7
TX00681,C0363,2026-05-29 20:30:00,464.7,CARD,Grocery,Bengaluru,128,1397.04,5
TX02529,C0419,2026-05-29 22:27:00,582.92,ATM,Electronics,Dehradun,3613,1466.87,5
TX02358,C0291,2026-05-30 01:14:00,333.56,BANK_TRANSFER,Electronics,Pune,1177,7019.19,9
TX02209,C0282,2026-05-30 03:19:00,360.55,UPI,Grocery,Pune,2961,1438.36,10
TX01055,C0090,2026-05-30 04:24:00,2068.52,CARD,Restaurant,Jaipur,1530,1289.35,9
TX01147,C0467,2026-05-30 05:58:00,1499.56,UPI,Utilities,Pune,3205,1233.2,6
TX01412,C0466,2026-05-30 06:23:00,2135.84,UPI,Restaurant,Mumbai,814,1073.19,10
TX01463,C0098,2026-05-30 10:55:00,8466.65,BANK_TRANSFER,Electronics,Chandigarh,1025,1626.66,8
TX02236,C0185,2026-05-30 12:21:00,4464.33,BANK_TRANSFER,Travel,Dehradun,2308,2062.03,3
TX02612,C0286,2026-05-30 14:02:00,249.14,BANK_TRANSFER,Pharmacy,Dehradun,3612,792.68,7
TX02902,C0221,2026-05-30 16:57:00,315.05,ATM,Utilities,Mumbai,2705,2216.49,5
TX00760,C0031,2026-05-30 17:55:00,1609.27,CARD,Online Shopping,Jaipur,489,1372.88,3
TX02499,C0068,2026-05-30 18:06:00,593.48,UPI,Pharmacy,Pune,3447,1273.92,5
TX01437,C0137,2026-05-30 19:28:00,1311.41,ATM,Restaurant,Delhi,3591,731.09,5
TX00040,C0144,2026-05-30 20:24:00,2281.29,UPI,Restaurant,Delhi,1893,1196.54,8
TX01154,C0476,2026-05-30 22:19:00,1167.68,ATM,Utilities,Hyderabad,1920,843.02,9
TX01863,C0492,2026-05-30 22:44:00,1634.13,CARD,Electronics,Delhi,1936,2364.12,4
TX00446,C0242,2026-05-30 23:19:00,846.9,UPI,Electronics,Hyderabad,1550,1072.68,9
TX01509,C0477,2026-05-31 03:46:00,418.96,BANK_TRANSFER,Electronics,Bengaluru,1871,2005.42,8
TX01102,C0327,2026-05-31 06:15:00,625.78,ATM,Travel,Bengaluru,2221,1189.63,2
TX00144,C0160,2026-05-31 06:53:00,3437.27,CARD,Utilities,Delhi,1515,1445.65,10
TX02694,C0406,2026-05-31 07:39:00,1290.87,ATM,Grocery,Pune,827,900.82,7
TX00393,C0471,2026-05-31 08:44:00,2840.48,UPI,Electronics,Jaipur,3140,1221.85,10
TX00099,C0047,2026-05-31 09:00:00,398.9,ATM,Online Shopping,Dehradun,2764,1345.73,9
TX01843,C0262,2026-05-31 12:05:00,1241.12,ATM,Restaurant,Chandigarh,2462,1230.77,8
TX00748,C0350,2026-05-31 12:09:00,957.74,CARD,Grocery,Delhi,3221,889.42,8
TX02755,C0025,2026-05-31 12:12:00,328.41,UPI,Pharmacy,Mumbai,2883,1548.69,12
TX02148,C0229,2026-05-31 13:12:00,324.95,UPI,Grocery,Jaipur,678,887.25,11
TX00227,C0286,2026-05-31 13:34:00,1298.31,CARD,Utilities,Chandigarh,3612,792.68,7
TX02819,C0252,2026-05-31 14:51:00,553.21,UPI,Electronics,Hyderabad,3182,2559.28,5
TX01069,C0251,2026-05-31 14:54:00,1324.65,CARD,Restaurant,Delhi,3029,1332.78,9
TX00635,C0411,2026-05-31 19:57:00,7636.3,UPI,Utilities,Dehradun,482,2120.45,5
TX00954,C0015,2026-05-31 20:06:00,1220.49,BANK_TRANSFER,Travel,Dehradun,3474,2507.41,6
TX02534,C0138,2026-05-31 20:08:00,2310.48,ATM,Online Shopping,Hyderabad,2308,961.58,5
TX00271,C0042,2026-05-31 20:11:00,624.98,CARD,Utilities,Pune,2777,1178.43,11
TX00136,C0016,2026-05-31 22:47:00,1385.9,BANK_TRANSFER,Electronics,Bengaluru,3201,2162.52,3
TX00520,C0268,2026-06-01 01:35:00,1418.94,ATM,Online Shopping,Jaipur,2807,12892.38,6
TX01145,C0266,2026-06-01 04:02:00,897.09,ATM,Pharmacy,Bengaluru,1106,6751.67,6
TX00987,C0396,2026-06-01 05:21:00,1454.52,UPI,Restaurant,Jaipur,2115,1350.36,7
TX02820,C0097,2026-06-01 05:35:00,2011.78,ATM,Restaurant,Jaipur,2011,1564.5,4
TX02395,C0326,2026-06-01 07:13:00,331.24,ATM,Electronics,Dehradun,1817,885.92,8
TX01258,C0281,2026-06-01 07:49:00,14025.28,ATM,Pharmacy,Delhi,2357,3804.7,5
TX02843,C0483,2026-06-01 09:23:00,1835.83,UPI,Utilities,Pune,2980,1072.43,8
TX00751,C0318,2026-06-01 10:54:00,736.14,ATM,Pharmacy,Jaipur,1832,1215.04,10
TX01239,C0280,2026-06-01 18:36:00,625.04,BANK_TRANSFER,Restaurant,Mumbai,323,3181.88,4
TX02727,C0130,2026-06-01 21:01:00,791.44,BANK_TRANSFER,Restaurant,Hyderabad,2670,996.99,12
TX02618,C0036,2026-06-01 22:19:00,643.85,UPI,Utilities,Pune,2934,2142.3,7
TX02693,C0419,2026-06-01 23:37:00,969.6,ATM,Grocery,Pune,3613,1466.87,5
TX01219,C0234,2026-06-01 23:58:00,1649.97,UPI,Travel,Delhi,693,1338.22,2
TX00556,C0308,2026-06-02 01:30:00,541.22,CARD,Online Shopping,Bengaluru,1764,1067.63,6
TX01842,C0084,2026-06-02 01:44:00,990.93,BANK_TRANSFER,Online Shopping,Delhi,3489,1242.41,10
TX02403,C0407,2026-06-02 02:31:00,4304.74,BANK_TRANSFER,Pharmacy,Bengaluru,2361,1570.4,9
TX02089,C0250,2026-06-02 04:17:00,4183.02,BANK_TRANSFER,Restaurant,Chandigarh,1666,1500.22,6
TX00817,C0261,2026-06-02 05:07:00,1775.94,BANK_TRANSFER,Restaurant,Jaipur,3326,1835.09,8
TX02942,C0344,2026-06-02 05:15:00,1608.41,CARD,Utilities,Delhi,2893,1583.55,7
TX01029,C0420,2026-06-19 13:02:00,5842.83,BANK_TRANSFER,Pharmacy,Jaipur,46,1830.31,8
TX02295,C0464,2026-06-02 10:18:00,350.67,ATM,Utilities,Hyderabad,2567,1475.02,3
TX01752,C0224,2026-06-02 12:17:00,728.87,ATM,Utilities,Delhi,1312,926.43,9
TX00339,C0126,2026-06-02 13:46:00,439.14,BANK_TRANSFER,Grocery,Dehradun,1525,841.99,7
TX02077,C0220,2026-06-02 14:37:00,4209.7,ATM,Online Shopping,Bengaluru,2710,1308.32,9
TX00095,C0285,2026-06-02 19:16:00,436.07,BANK_TRANSFER,Pharmacy,Bengaluru,1960,1872.85,11
TX02096,C0420,2026-06-02 23:12:00,871.67,BANK_TRANSFER,Electronics,Bengaluru,46,1830.31,8
TX00674,C0312,2026-06-03 01:40:00,1042.98,BANK_TRANSFER,Travel,Delhi,1989,2241.79,7
TX00461,C0063,2026-06-03 01:43:00,322.7,UPI,Online Shopping,Pune,2393,1534.34,9
TX00482,C0358,2026-06-03 02:09:00,9279.5,BANK_TRANSFER,Online Shopping,Delhi,283,3830.55,3
TX00173,C0499,2026-06-03 02:10:00,1716.65,CARD,Restaurant,Chandigarh,2804,2372.4,4
TX00447,C0251,2026-06-03 03:00:00,2667.15,BANK_TRANSFER,Grocery,Pune,3029,1332.78,9
TX02430,C0239,2026-06-03 06:30:00,6935.45,CARD,Electronics,Dehradun,3334,1895.07,10
TX02245,C0294,2026-06-03 08:25:00,1865.41,BANK_TRANSFER,Online Shopping,Hyderabad,2541,1016.11,5
TX01041,C0431,2026-06-03 09:13:00,386.36,CARD,Electronics,Delhi,2357,386.36,1
TX00232,C0368,2026-06-03 13:28:00,740.48,BANK_TRANSFER,Travel,Delhi,907,740.89,2
TX02866,C0423,2026-06-03 17:13:00,6058.24,CARD,Utilities,Pune,2235,2157.5,4
TX00913,C0179,2026-06-03 19:48:00,692.74,UPI,Utilities,Dehradun,1050,1119.18,6
TX00884,C0328,2026-06-03 21:15:00,1897.04,CARD,Restaurant,Bengaluru,2423,10347.89,9
TX02370,C0265,2026-06-03 21:42:00,1094.76,UPI,Electronics,Mumbai,1183,1018.64,3
TX01039,C0399,2026-06-03 23:45:00,586.55,ATM,Electronics,Hyderabad,592,1300.65,7
TX00772,C0335,2026-06-03 23:52:00,842.88,BANK_TRANSFER,Electronics,Delhi,2331,900.87,7
TX02311,C0169,2026-06-04 02:14:00,668.6,CARD,Utilities,Hyderabad,422,1232.25,2
TX00974,C0148,2026-06-04 04:11:00,348.74,BANK_TRANSFER,Electronics,Dehradun,3149,799.78,7
TX01243,C0120,2026-06-04 06:37:00,695.87,CARD,Electronics,Hyderabad,94,907.98,7
TX01875,C0027,2026-06-04 07:46:00,6061.98,BANK_TRANSFER,Pharmacy,Jaipur,1245,1889.01,6
TX00615,C0277,2026-06-04 10:49:00,451.99,ATM,Travel,Pune,152,1305.17,8
TX00217,C0224,2026-06-04 11:35:00,1116.47,BANK_TRANSFER,Travel,Delhi,1312,926.43,9
TX01328,C0011,2026-06-04 12:40:00,644.37,BANK_TRANSFER,Restaurant,Delhi,1268,1224.83,6
TX00656,C0253,2026-06-04 16:37:00,55178.15,ATM,Travel,Chandigarh,728,10045.62,6
TX01301,C0268,2026-06-04 17:34:00,635.67,ATM,Travel,Hyderabad,2807,12892.38,6
TX02846,C0092,2026-06-05 06:39:00,1314.42,CARD,Pharmacy,Delhi,2479,2063.22,9
TX00648,C0061,2026-06-05 07:33:00,341.71,BANK_TRANSFER,Grocery,Hyderabad,2465,1754.67,5
TX02840,C0191,2026-06-05 08:59:00,3182.28,ATM,Travel,Dehradun,2602,1586.45,4
TX00953,C0184,2026-06-05 09:48:00,1113.08,ATM,Travel,Chandigarh,3508,1412.1,4
TX01801,C0435,2026-06-05 10:38:00,587.29,UPI,Grocery,Dehradun,210,2267.54,13
TX01140,C0413,2026-06-05 11:51:00,756.7,ATM,Travel,Dehradun,845,982.54,4
TX01378,C0172,2026-06-05 13:05:00,1277.28,BANK_TRANSFER,Grocery,Pune,1911,1008.52,4
TX02273,C0218,2026-06-05 13:30:00,2903.45,BANK_TRANSFER,Grocery,Bengaluru,1430,1809.05,6
TX02016,C0127,2026-06-05 13:31:00,1796.82,UPI,Restaurant,Hyderabad,3164,2217.58,4
TX01223,C0119,2026-06-05 15:56:00,2843.2,ATM,Pharmacy,Pune,2092,1511.96,7
TX00257,C0099,2026-06-05 17:17:00,2646.2,BANK_TRANSFER,Grocery,Jaipur,2347,2043.25,6
TX01679,C0461,2026-06-05 18:50:00,4155.03,CARD,Travel,Delhi,1716,2901.41,7
TX02486,C0010,2026-06-05 21:01:00,999.12,CARD,Utilities,Chandigarh,496,12015.85,7
TX02531,C0455,2026-06-05 21:02:00,779.29,UPI,Utilities,Bengaluru,1376,11810.65,9
TX00429,C0240,2026-06-05 22:24:00,1329.26,CARD,Pharmacy,Hyderabad,1166,1377.49,3
TX00864,C0229,2026-06-05 23:00:00,1200.6,UPI,Utilities,Dehradun,678,887.25,11
TX00346,C0361,2026-06-05 23:35:00,493.53,BANK_TRANSFER,Restaurant,Chandigarh,2587,1152.33,8
TX02845,C0155,2026-06-06 00:10:00,3488.37,UPI,Restaurant,Dehradun,1925,2065.02,4
TX02953,C0200,2026-06-06 00:17:00,2688.13,CARD,Restaurant,Chandigarh,1627,1901.18,5
TX00849,C0137,2026-06-06 00:22:00,974.44,BANK_TRANSFER,Online Shopping,Hyderabad,3591,731.09,5
TX01244,C0059,2026-06-06 00:23:00,2933.83,BANK_TRANSFER,Pharmacy,Chandigarh,2244,3937.48,7
TX01924,C0166,2026-06-06 00:31:00,1935.2,ATM,Travel,Mumbai,427,1412.29,6
TX01388,C0305,2026-06-06 02:03:00,1878.26,UPI,Restaurant,Bengaluru,176,2156.1,10
TX02935,C0214,2026-06-06 02:18:00,3572.66,ATM,Pharmacy,Hyderabad,3332,1332.83,7
TX02307,C0454,2026-06-06 04:47:00,548.07,CARD,Electronics,Delhi,599,1396.8,7
TX01857,C0497,2026-06-06 06:11:00,2052.83,UPI,Utilities,Bengaluru,863,7090.38,12
TX00658,C0207,2026-06-06 07:32:00,470.89,CARD,Electronics,Hyderabad,2011,611.81,4
TX00918,C0015,2026-06-06 07:52:00,3510.81,CARD,Restaurant,Dehradun,3474,2507.41,6
TX00850,C0418,2026-06-06 10:42:00,2443.06,BANK_TRANSFER,Utilities,Jaipur,3150,1462.94,6
TX01750,C0074,2026-06-06 11:29:00,4287.11,ATM,Travel,Jaipur,3033,2818.88,3
TX02469,C0172,2026-06-06 14:20:00,438.39,ATM,Utilities,Mumbai,1911,1008.52,4
TX02076,C0004,2026-06-06 16:42:00,1119.14,ATM,Grocery,Hyderabad,1324,1740.16,7
TX01056,C0075,2026-06-06 17:18:00,1632.22,CARD,Travel,Pune,1508,1241.18,6
TX01591,C0005,2026-06-06 18:04:00,2968.99,CARD,Utilities,Dehradun,1160,1298.9,11
TX02713,C0158,2026-06-06 21:55:00,2175.18,BANK_TRANSFER,Pharmacy,Jaipur,990,1397.72,9
TX01222,C0471,2026-06-06 22:30:00,364.79,CARD,Pharmacy,Chandigarh,3140,1221.85,10
TX02496,C0154,2026-06-06 23:58:00,1700.32,ATM,Online Shopping,Mumbai,2761,1193.2,11
TX02165,C0458,2026-03-01 07:06:00,1820.59,BANK_TRANSFER,Grocery,Mumbai,655,3060.46,6
TX01364,C0017,2026-06-07 02:17:00,2014.73,CARD,Restaurant,Bengaluru,2949,1497.47,8
TX01435,C0117,2026-06-07 03:40:00,267.31,UPI,Electronics,Mumbai,3142,846.39,11
TX02995,C0136,2026-06-07 04:48:00,1367.1,ATM,Online Shopping,Mumbai,1826,1879.13,8
TX00383,C0305,2026-06-07 04:59:00,1264.0,CARD,Utilities,Pune,176,2156.1,10
TX02802,C0415,2026-06-07 05:28:00,873.67,ATM,Travel,Pune,3617,1517.92,5
TX02835,C0231,2026-06-07 05:42:00,769.62,UPI,Travel,Bengaluru,3326,869.4,6
TX02216,C0245,2026-06-07 06:00:00,301.63,CARD,Utilities,Bengaluru,1321,2324.01,3
TX02816,C0263,2026-06-07 06:14:00,2483.96,ATM,Pharmacy,Hyderabad,3504,7253.01,5
TX01683,C0216,2026-06-07 08:33:00,834.75,UPI,Pharmacy,Chandigarh,3326,1696.45,7
TX00894,C0063,2026-06-07 08:38:00,1016.13,ATM,Pharmacy,Dehradun,2393,1534.34,9
TX01656,C0454,2026-06-07 09:33:00,1814.67,ATM,Grocery,Chandigarh,599,1396.8,7
TX01103,C0257,2026-06-07 11:17:00,650.6,UPI,Restaurant,Delhi,2297,1496.4,7
TX01404,C0081,2026-06-07 12:11:00,1027.73,UPI,Online Shopping,Delhi,3182,1008.34,4
TX01911,C0395,2026-06-07 13:18:00,1023.4,BANK_TRANSFER,Utilities,Chandigarh,1723,1404.29,5
TX00557,C0249,2026-06-07 16:11:00,221.59,CARD,Pharmacy,Chandigarh,3214,733.79,7
TX00634,C0301,2026-06-07 16:56:00,1001.05,ATM,Restaurant,Jaipur,2480,1291.26,8
TX02732,C0466,2026-06-07 17:08:00,377.54,ATM,Online Shopping,Hyderabad,814,1073.19,10
TX01508,C0497,2026-06-07 18:22:00,561.19,UPI,Online Shopping,Chandigarh,863,7090.38,12
TX00284,C0239,2026-06-07 18:27:00,838.4,UPI,Grocery,Pune,3334,1895.07,10
TX01712,C0023,2026-06-07 19:06:00,781.98,ATM,Restaurant,Chandigarh,1545,1053.15,5
TX02987,C0138,2026-06-07 20:11:00,131.28,CARD,Restaurant,Jaipur,2308,961.58,5
TX01122,C0019,2026-06-07 20:16:00,916.88,ATM,Utilities,Mumbai,1715,791.2,6
TX00189,C0314,2026-06-07 23:23:00,981.15,UPI,Travel,Pune,2628,1019.29,7
TX00571,C0184,2026-06-07 23:57:00,3164.01,BANK_TRANSFER,Utilities,Mumbai,3508,1412.1,4
TX00810,C0333,2026-06-07 23:59:00,3623.17,UPI,Electronics,Pune,2974,4133.65,4
TX00612,C0122,2026-06-08 00:26:00,1491.15,CARD,Restaurant,Pune,1397,1231.77,8
TX01027,C0346,2026-06-08 00:55:00,306.89,UPI,Pharmacy,Delhi,1184,584.86,5
TX00811,C0491,2026-02-25 18:59:00,994.88,CARD,Utilities,Chandigarh,1001,1212.99,7
TX01514,C0272,2026-06-08 03:33:00,898.88,CARD,Electronics,Jaipur,2324,1229.08,4
TX02540,C0409,2026-06-08 03:39:00,667.11,UPI,Travel,Dehradun,989,1236.1,7
TX02685,C0180,2026-06-08 04:21:00,703.01,BANK_TRANSFER,Restaurant,Chandigarh,125,1006.67,6
TX00652,C0257,2026-06-08 04:37:00,375.27,CARD,Restaurant,Mumbai,2297,1496.4,7
TX02037,C0221,2026-06-08 04:56:00,1760.81,UPI,Electronics,Pune,2705,2216.49,5
TX01850,C0380,2026-06-08 06:06:00,2511.34,CARD,Pharmacy,Chandigarh,1557,2726.98,6
TX02810,C0149,2026-06-08 08:19:00,3833.56,CARD,Online Shopping,Delhi,532,2098.03,9
TX00334,C0451,2026-06-08 08:30:00,1553.61,BANK_TRANSFER,Utilities,Chandigarh,1846,1757.0,3
TX01637,C0170,2026-06-08 08:44:00,397.95,CARD,Online Shopping,Pune,236,4991.01,7
TX02227,C0242,2026-06-08 09:22:00,637.3,ATM,Pharmacy,Chandigarh,1550,1072.68,9
TX01892,C0153,2026-06-08 10:41:00,1339.99,ATM,Pharmacy,Delhi,2176,1566.98,7
TX02382,C0153,2026-06-08 11:17:00,1501.32,ATM,Electronics,Pune,2176,1566.98,7
TX00286,C0009,2026-06-08 14:05:00,2372.42,ATM,Travel,Bengaluru,2199,1370.34,7
TX00887,C0014,2026-06-08 15:07:00,268.95,ATM,Pharmacy,Chandigarh,2165,1497.51,11
TX00855,C0296,2026-06-08 15:14:00,2125.25,UPI,Grocery,Pune,1824,1112.11,5
TX00240,C0396,2026-06-08 16:20:00,574.33,CARD,Pharmacy,Mumbai,2115,1350.36,7
TX02613,C0116,2026-06-08 21:25:00,2736.82,BANK_TRANSFER,Pharmacy,Bengaluru,522,2818.89,3
TX01180,C0291,2026-06-08 22:51:00,3353.61,CARD,Pharmacy,Dehradun,1177,7019.19,9
TX02369,C0430,2026-06-09 00:43:00,1013.06,ATM,Online Shopping,Delhi,1090,964.05,3
TX00185,C0115,2026-06-09 01:18:00,117.86,ATM,Online Shopping,Delhi,409,1421.19,5
TX02470,C0376,2026-06-09 01:28:00,497.76,ATM,Pharmacy,Mumbai,2878,1700.21,8
TX02055,C0412,2026-06-09 01:49:00,994.69,BANK_TRANSFER,Online Shopping,Dehradun,3097,766.98,3
TX00871,C0005,2026-06-09 02:49:00,340.38,CARD,Restaurant,Delhi,1160,1298.9,11
TX00333,C0126,2026-06-09 04:57:00,1045.74,BANK_TRANSFER,Electronics,Delhi,1525,841.99,7
TX01014,C0393,2026-06-09 05:25:00,754.88,CARD,Travel,Dehradun,1075,1361.5,7
TX02677,C0341,2026-06-09 05:39:00,651.63,BANK_TRANSFER,Utilities,Jaipur,3334,928.37,6
TX01276,C0128,2026-06-09 08:48:00,1952.57,ATM,Utilities,Pune,1192,1856.42,4
TX01251,C0115,2026-06-09 09:22:00,2574.3,BANK_TRANSFER,Travel,Dehradun,409,1421.19,5
TX00816,C0010,2026-06-09 15:06:00,1922.99,CARD,Restaurant,Chandigarh,496,12015.85,7
TX01572,C0072,2026-06-09 17:48:00,3910.26,ATM,Grocery,Hyderabad,2169,1789.88,6
TX02666,C0038,2026-06-09 18:10:00,2348.28,CARD,Grocery,Delhi,1112,1619.85,7
TX00837,C0094,2026-06-09 20:48:00,950.01,UPI,Utilities,Chandigarh,1609,3123.91,3
TX02724,C0163,2026-06-09 20:56:00,493.41,UPI,Grocery,Pune,3319,1766.91,6
TX00549,C0338,2026-06-09 21:28:00,2312.13,UPI,Pharmacy,Dehradun,1213,1187.53,4
TX02414,C0271,2026-06-09 22:38:00,1605.96,ATM,Grocery,Pune,1469,1621.46,6
TX01956,C0225,2026-06-10 00:02:00,1416.54,CARD,Grocery,Dehradun,3460,1052.93,4
TX00746,C0112,2026-06-10 00:19:00,987.19,BANK_TRANSFER,Online Shopping,Hyderabad,2294,2501.72,4
TX01300,C0098,2026-06-10 00:35:00,498.13,CARD,Travel,Delhi,1025,1626.66,8
TX01126,C0371,2026-06-10 02:18:00,592.72,BANK_TRANSFER,Grocery,Jaipur,3264,1166.57,10
TX02094,C0335,2026-06-10 04:17:00,1061.34,BANK_TRANSFER,Utilities,Hyderabad,2331,900.87,7
TX01931,C0425,2026-06-26 17:32:00,983.28,ATM,Grocery,Pune,1099,1134.93,8
TX02992,C0220,2026-06-10 09:40:00,753.83,BANK_TRANSFER,Grocery,Bengaluru,2710,1308.32,9
TX01454,C0103,2026-06-10 12:21:00,750.7,UPI,Utilities,Bengaluru,3563,979.38,5
TX02813,C0190,2026-06-10 16:12:00,590.99,BANK_TRANSFER,Online Shopping,Dehradun,1089,1475.66,6
TX01331,C0187,2026-06-10 21:23:00,1469.54,UPI,Online Shopping,Dehradun,1708,1343.78,4
TX00103,C0446,2026-06-10 22:14:00,458.53,ATM,Pharmacy,Mumbai,1214,1388.63,9
TX00275,C0223,2026-06-10 23:22:00,1225.54,UPI,Utilities,Chandigarh,1798,1223.46,10
TX00623,C0326,2026-06-11 03:51:00,232.9,ATM,Pharmacy,Bengaluru,1817,885.92,8
TX01553,C0061,2026-06-11 05:33:00,4061.27,CARD,Utilities,Chandigarh,2465,1754.67,5
TX01891,C0015,2026-06-11 07:31:00,1020.2,CARD,Online Shopping,Hyderabad,3474,2507.41,6
TX02493,C0152,2026-06-11 09:14:00,1421.47,UPI,Online Shopping,Jaipur,834,2173.29,10
TX02098,C0295,2026-06-11 11:17:00,1219.01,BANK_TRANSFER,Electronics,Hyderabad,3450,1102.06,5
TX01274,C0326,2026-06-11 13:19:00,238.64,CARD,Pharmacy,Chandigarh,1817,885.92,8
TX02467,C0310,2026-06-11 13:58:00,1327.33,BANK_TRANSFER,Utilities,Jaipur,518,1491.13,8
TX00763,C0036,2026-06-11 15:53:00,3130.65,CARD,Utilities,Dehradun,2934,2142.3,7
TX00949,C0228,2026-06-11 17:15:00,1283.43,CARD,Online Shopping,Dehradun,1464,1691.74,7
TX01197,C0432,2026-06-11 17:38:00,355.88,CARD,Utilities,Mumbai,3450,1403.74,6
TX02250,C0301,2026-06-11 19:47:00,1331.3,UPI,Pharmacy,Pune,2480,1291.26,8
TX02834,C0422,2026-06-11 20:20:00,831.63,UPI,Travel,Bengaluru,1273,2112.55,11
TX01672,C0186,2026-06-11 22:33:00,1171.0,BANK_TRANSFER,Electronics,Bengaluru,2826,1819.72,5
TX02947,C0428,2026-06-11 22:34:00,436.23,ATM,Pharmacy,Delhi,2176,1204.34,8
TX00097,C0220,2026-06-11 22:58:00,1189.57,BANK_TRANSFER,Pharmacy,Hyderabad,2710,1308.32,9
TX00675,C0371,2026-06-12 00:18:00,2274.0,CARD,Grocery,Hyderabad,3264,1166.57,10
TX00708,C0068,2026-06-12 00:20:00,645.17,CARD,Pharmacy,Bengaluru,3447,1273.92,5
TX00161,C0417,2026-06-12 01:30:00,1487.24,UPI,Utilities,Bengaluru,1245,1266.79,7
TX01015,C0051,2026-06-12 02:13:00,1088.18,UPI,Pharmacy,Mumbai,1297,2925.73,8
TX02487,C0472,2026-06-12 02:22:00,2568.24,CARD,Online Shopping,Mumbai,1530,2508.07,5
TX00092,C0485,2026-06-12 04:18:00,1668.89,CARD,Grocery,Bengaluru,714,3141.51,10
TX02083,C0050,2026-06-12 06:05:00,780.06,ATM,Pharmacy,Hyderabad,1929,1606.95,4
TX02140,C0231,2026-06-12 06:46:00,665.56,CARD,Grocery,Bengaluru,3326,869.4,6
TX02237,C0039,2026-06-12 11:59:00,1034.2,UPI,Travel,Jaipur,2588,2219.73,13
TX02859,C0230,2026-06-12 12:47:00,1983.38,UPI,Travel,Hyderabad,347,2485.15,3
TX02440,C0433,2026-06-12 13:49:00,464.19,UPI,Pharmacy,Chandigarh,2574,2868.03,3
TX02576,C0353,2026-06-12 14:02:00,505.04,UPI,Restaurant,Dehradun,616,961.77,7
TX00459,C0341,2026-06-12 15:27:00,574.97,CARD,Electronics,Pune,3334,928.37,6
TX00962,C0173,2026-06-12 15:53:00,944.73,BANK_TRANSFER,Grocery,Bengaluru,2969,2082.19,12
TX01962,C0077,2026-06-12 18:45:00,255.44,BANK_TRANSFER,Electronics,Delhi,2586,1233.34,5
TX02905,C0422,2026-06-12 18:47:00,1970.62,CARD,Electronics,Dehradun,1273,2112.55,11
TX00859,C0320,2026-06-12 18:54:00,4369.88,ATM,Restaurant,Delhi,1999,1236.38,8
TX02537,C0077,2026-06-12 20:03:00,1682.2,BANK_TRANSFER,Online Shopping,Chandigarh,2586,1233.34,5
TX00683,C0493,2026-06-12 20:26:00,378.82,BANK_TRANSFER,Pharmacy,Mumbai,2548,1479.52,8
TX01005,C0376,2026-06-12 21:08:00,1397.94,UPI,Online Shopping,Bengaluru,2878,1700.21,8
TX02862,C0138,2026-06-13 00:08:00,295.82,ATM,Travel,Pune,2308,961.58,5
TX02849,C0455,2026-06-13 03:14:00,1277.13,ATM,Grocery,Hyderabad,1376,11810.65,9
TX02752,C0483,2026-06-13 03:35:00,911.45,BANK_TRANSFER,Pharmacy,Dehradun,2980,1072.43,8
TX02279,C0145,2026-06-13 06:43:00,857.03,UPI,Restaurant,Hyderabad,809,1571.04,11
TX00030,C0262,2026-04-01 09:56:00,931.29,UPI,Online Shopping,Jaipur,2462,1230.77,8
TX01848,C0257,2026-06-13 07:05:00,1116.57,CARD,Electronics,Bengaluru,2297,1496.4,7
TX02336,C0365,2026-06-13 08:55:00,974.82,ATM,Pharmacy,Bengaluru,1914,2345.72,10
TX00726,C0425,2026-06-13 09:16:00,816.02,UPI,Travel,Pune,1099,1134.93,8
TX00692,C0485,2026-06-13 10:21:00,4355.79,BANK_TRANSFER,Pharmacy,Bengaluru,714,3141.51,10
TX00823,C0168,2026-06-13 11:45:00,945.05,ATM,Travel,Pune,2872,936.62,5
TX00565,C0051,2026-06-13 15:37:00,7404.46,CARD,Electronics,Delhi,1297,2925.73,8
TX00676,C0007,2026-06-13 15:39:00,2071.69,BANK_TRANSFER,Electronics,Hyderabad,3122,1370.33,9
TX01166,C0443,2026-06-13 16:11:00,1138.11,CARD,Utilities,Pune,1010,1778.61,8
TX02135,C0014,2026-06-13 16:42:00,399.31,CARD,Online Shopping,Jaipur,2165,1497.51,11
TX01644,C0443,2026-06-13 17:49:00,4377.91,ATM,Electronics,Pune,1010,1778.61,8
TX02001,C0318,2026-06-13 21:09:00,2217.33,BANK_TRANSFER,Restaurant,Delhi,1832,1215.04,10
TX01430,C0086,2026-06-13 22:00:00,1972.57,UPI,Electronics,Hyderabad,1051,1276.73,7
TX00483,C0259,2026-06-13 23:35:00,1787.22,CARD,Travel,Dehradun,884,1730.84,6
TX02552,C0425,2026-06-13 23:51:00,360.59,CARD,Travel,Pune,1099,1134.93,8
TX01940,C0377,2026-06-14 00:33:00,2816.14,UPI,Grocery,Pune,427,2592.84,4
TX00076,C0373,2026-06-14 00:41:00,1654.26,CARD,Restaurant,Mumbai,1734,3597.1,7
TX02760,C0405,2026-06-14 01:33:00,985.2,CARD,Restaurant,Hyderabad,3378,1302.6,8
TX02578,C0070,2026-06-14 01:36:00,583.89,CARD,Restaurant,Mumbai,2975,723.98,3
TX00367,C0303,2026-06-14 03:24:00,2049.59,UPI,Pharmacy,Dehradun,2016,1221.65,13
TX00821,C0386,2026-06-14 03:53:00,1578.16,BANK_TRANSFER,Restaurant,Chandigarh,669,2758.11,7
TX02847,C0470,2026-06-14 05:12:00,508.92,ATM,Pharmacy,Chandigarh,3277,1135.96,4
TX02457,C0241,2026-06-14 06:29:00,1035.66,ATM,Pharmacy,Chandigarh,1883,1264.41,4
TX00976,C0254,2026-06-14 06:48:00,3715.32,CARD,Utilities,Dehradun,2190,2538.35,5
TX01414,C0268,2026-06-14 07:46:00,1372.35,ATM,Utilities,Bengaluru,2807,12892.38,6
TX02825,C0273,2026-06-14 08:00:00,1336.27,CARD,Electronics,Pune,865,952.51,7
TX00984,C0346,2026-06-14 08:10:00,709.15,ATM,Utilities,Chandigarh,1184,584.86,5
TX00205,C0227,2026-06-14 08:22:00,1039.54,CARD,Pharmacy,Dehradun,1509,8868.64,10
TX01174,C0051,2026-06-14 08:51:00,1312.27,UPI,Travel,Pune,1297,2925.73,8
TX01153,C0055,2026-06-14 09:07:00,344.78,UPI,Online Shopping,Pune,3586,540.49,6
TX00211,C0497,2026-06-14 09:53:00,1157.88,CARD,Online Shopping,Bengaluru,863,7090.38,12
TX00831,C0265,2026-06-14 10:11:00,860.17,BANK_TRANSFER,Travel,Mumbai,1183,1018.64,3
TX00119,C0250,2026-06-14 12:52:00,669.36,ATM,Restaurant,Hyderabad,1666,1500.22,6
TX02229,C0251,2026-06-14 13:36:00,1168.09,BANK_TRANSFER,Electronics,Dehradun,3029,1332.78,9
TX02815,C0371,2026-06-14 14:58:00,784.94,ATM,Pharmacy,Dehradun,3264,1166.57,10
TX01776,C0193,2026-06-14 15:17:00,3176.08,BANK_TRANSFER,Utilities,Jaipur,1752,2395.74,4
TX00418,C0041,2026-06-14 17:07:00,531.91,ATM,Restaurant,Bengaluru,3577,1063.19,5
TX01392,C0057,2026-06-14 18:49:00,675.33,CARD,Grocery,Chandigarh,2098,1173.77,2
TX01352,C0491,2026-02-25 18:56:00,933.6,CARD,Restaurant,Bengaluru,1001,1212.99,7
TX00381,C0047,2026-06-14 19:25:00,779.32,BANK_TRANSFER,Online Shopping,Delhi,2764,1345.73,9
TX00497,C0001,2026-06-14 19:37:00,926.27,ATM,Pharmacy,Hyderabad,3204,1526.54,11
TX00394,C0441,2026-06-14 22:25:00,2209.59,UPI,Restaurant,Mumbai,220,1155.62,7
TX00068,C0290,2026-06-14 23:06:00,4868.75,CARD,Travel,Pune,3302,1821.9,5
TX01573,C0148,2026-06-15 00:29:00,1272.3,CARD,Utilities,Mumbai,3149,799.78,7
TX02604,C0215,2026-06-15 01:06:00,1195.2,BANK_TRANSFER,Restaurant,Chandigarh,2267,1254.13,9
TX01342,C0069,2026-06-15 04:15:00,274.49,BANK_TRANSFER,Electronics,Jaipur,2642,958.6,10
TX01618,C0495,2026-06-15 05:33:00,3011.06,ATM,Online Shopping,Hyderabad,1145,1169.3,6
TX02302,C0446,2026-06-15 08:40:00,445.76,BANK_TRANSFER,Utilities,Delhi,1214,1388.63,9
TX02033,C0238,2026-06-15 08:52:00,1745.75,ATM,Electronics,Jaipur,1525,21875.97,4
TX02517,C0049,2026-06-15 11:19:00,692.75,UPI,Online Shopping,Chandigarh,592,1611.68,6
TX02776,C0020,2026-06-15 12:30:00,1376.16,BANK_TRANSFER,Online Shopping,Bengaluru,3410,876.09,7
TX02878,C0173,2026-06-15 12:32:00,2197.42,ATM,Travel,Mumbai,2969,2082.19,12
TX01917,C0274,2026-06-15 17:06:00,686.81,ATM,Electronics,Dehradun,3540,789.25,4
TX00414,C0178,2026-06-15 17:28:00,723.54,BANK_TRANSFER,Electronics,Pune,593,1518.59,9
TX02495,C0049,2026-06-15 17:32:00,992.99,UPI,Travel,Pune,592,1611.68,6
TX01441,C0498,2026-06-15 18:35:00,813.55,UPI,Restaurant,Hyderabad,1853,2188.48,8
TX01779,C0120,2026-06-15 20:39:00,925.24,CARD,Travel,Hyderabad,94,907.98,7
TX02027,C0025,2026-06-15 21:09:00,2251.83,BANK_TRANSFER,Travel,Chandigarh,2883,1548.69,12
TX01313,C0046,2026-06-15 21:23:00,747.06,UPI,Pharmacy,Delhi,3035,984.55,6
TX01610,C0216,2026-06-15 23:07:00,2160.71,ATM,Restaurant,Delhi,3326,1696.45,7
TX02365,C0110,2026-06-16 00:17:00,1565.87,UPI,Grocery,Dehradun,1106,1361.08,3
TX00747,C0004,2026-06-16 00:23:00,1193.7,UPI,Pharmacy,Jaipur,1324,1740.16,7
TX00723,C0236,2026-06-16 00:29:00,430.52,BANK_TRANSFER,Pharmacy,Hyderabad,3475,1333.69,7
TX00310,C0365,2026-06-16 01:13:00,1429.78,BANK_TRANSFER,Restaurant,Bengaluru,1914,2345.72,10
TX02284,C0369,2026-06-16 02:27:00,456.47,CARD,Travel,Chandigarh,367,2083.23,7
TX00238,C0177,2026-06-16 02:52:00,678.59,BANK_TRANSFER,Grocery,Pune,3342,7710.19,9
TX00264,C0053,2026-06-16 03:46:00,1416.93,UPI,Travel,Jaipur,1558,2450.53,6
TX02707,C0082,2026-06-16 04:34:00,1526.58,CARD,Restaurant,Mumbai,1985,1235.6,8
TX01937,C0041,2026-06-16 07:10:00,1774.74,BANK_TRANSFER,Travel,Mumbai,3577,1063.19,5
TX02687,C0407,2026-06-16 11:09:00,3923.79,BANK_TRANSFER,Pharmacy,Jaipur,2361,1570.4,9
TX02159,C0395,2026-06-16 11:43:00,2237.71,UPI,Restaurant,Bengaluru,1723,1404.29,5
TX00668,C0216,2026-06-16 12:00:00,5534.75,UPI,Utilities,Dehradun,3326,1696.45,7
TX02838,C0485,2026-06-16 12:35:00,2135.45,UPI,Online Shopping,Bengaluru,714,3141.51,10
TX00480,C0351,2026-06-16 12:59:00,1616.32,BANK_TRANSFER,Travel,Bengaluru,1726,2350.53,2
TX01383,C0012,2026-06-16 13:02:00,396.75,ATM,Restaurant,Dehradun,360,1693.95,15
TX00727,C0101,2026-06-16 14:44:00,781.74,ATM,Pharmacy,Bengaluru,3372,1325.08,9
TX02516,C0175,2026-06-16 19:04:00,2046.44,CARD,Online Shopping,Jaipur,893,2033.56,6
TX00132,C0257,2026-06-16 20:12:00,922.11,CARD,Grocery,Pune,2297,1496.4,7
TX02950,C0101,2026-06-16 21:45:00,3043.8,UPI,Restaurant,Jaipur,3372,1325.08,9
TX01570,C0260,2026-06-17 00:00:00,776.98,CARD,Restaurant,Jaipur,1789,1309.68,4
TX01484,C0493,2026-06-17 01:16:00,1244.7,ATM,Online Shopping,Chandigarh,2548,1479.52,8
TX00400,C0456,2026-06-17 02:59:00,924.14,CARD,Electronics,Bengaluru,1925,16540.77,5
TX00547,C0306,2026-06-17 03:15:00,1692.07,BANK_TRANSFER,Online Shopping,Dehradun,3249,721.67,4
TX02890,C0183,2026-06-17 04:36:00,1645.78,ATM,Travel,Bengaluru,2562,3015.84,6
TX01692,C0169,2026-06-17 05:01:00,1795.89,CARD,Pharmacy,Dehradun,422,1232.25,2
TX00015,C0326,2026-06-17 05:41:00,1131.84,CARD,Utilities,Delhi,1817,885.92,8
TX00369,C0080,2026-06-17 06:23:00,659.6,BANK_TRANSFER,Pharmacy,Hyderabad,2283,986.35,5
TX02210,C0285,2026-06-17 06:39:00,3968.22,ATM,Utilities,Chandigarh,1960,1872.85,11
TX00956,C0136,2026-06-17 07:49:00,1527.38,UPI,Online Shopping,Jaipur,1826,1879.13,8
TX02417,C0141,2026-06-17 11:03:00,885.11,UPI,Utilities,Chandigarh,3129,1677.43,9
TX02024,C0087,2026-06-17 13:00:00,667.94,ATM,Electronics,Chandigarh,3491,974.03,6
TX01753,C0482,2026-06-17 13:55:00,1147.71,BANK_TRANSFER,Utilities,Pune,1559,1328.18,10
TX01263,C0235,2026-06-17 15:46:00,551.99,UPI,Restaurant,Bengaluru,2028,853.66,4
TX00750,C0446,2026-06-17 17:24:00,4645.4,UPI,Grocery,Chandigarh,1214,1388.63,9
TX00637,C0282,2026-06-17 17:38:00,724.93,ATM,Restaurant,Delhi,2961,1438.36,10
TX01786,C0204,2026-06-17 18:14:00,1317.03,UPI,Online Shopping,Pune,1081,1309.08,4
TX00478,C0465,2026-06-17 18:34:00,1786.59,CARD,Restaurant,Pune,1439,1756.04,4
TX01946,C0086,2026-06-17 18:54:00,617.87,ATM,Restaurant,Delhi,1051,1276.73,7
TX00055,C0229,2026-06-17 19:26:00,1498.45,CARD,Restaurant,Delhi,678,887.25,11
TX01036,C0055,2026-06-17 21:17:00,570.85,ATM,Restaurant,Hyderabad,3586,540.49,6
TX01139,C0264,2026-06-17 23:40:00,356.46,UPI,Online Shopping,Pune,1691,1643.44,12
TX01046,C0436,2026-06-18 00:32:00,1271.79,BANK_TRANSFER,Restaurant,Bengaluru,636,1676.23,8
TX02948,C0449,2026-06-18 00:55:00,2571.84,UPI,Online Shopping,Jaipur,157,1648.9,5
TX01510,C0318,2026-06-18 04:06:00,1538.33,ATM,Restaurant,Jaipur,1832,1215.04,10
TX02691,C0311,2026-06-18 04:50:00,1923.57,CARD,Restaurant,Bengaluru,3006,1063.84,9
TX00201,C0357,2026-06-18 08:22:00,504.25,ATM,Electronics,Jaipur,133,672.17,5
TX02204,C0334,2026-06-18 08:36:00,7586.25,UPI,Grocery,Bengaluru,1357,13224.7,5
TX02010,C0390,2026-06-18 09:52:00,969.82,ATM,Electronics,Hyderabad,984,11997.86,7
TX01173,C0067,2026-06-18 10:33:00,991.11,ATM,Travel,Hyderabad,2854,2123.46,5
TX02721,C0073,2026-06-18 12:02:00,1294.29,UPI,Pharmacy,Chandigarh,1420,1403.31,8
TX01980,C0360,2026-06-18 15:45:00,314.85,ATM,Online Shopping,Delhi,3213,621.74,7
TX02386,C0304,2026-06-18 15:46:00,644.59,CARD,Utilities,Chandigarh,1564,1235.98,4
TX01964,C0154,2026-06-18 16:00:00,1278.5,ATM,Utilities,Bengaluru,2761,1193.2,11
TX00576,C0472,2026-06-18 19:16:00,6242.15,CARD,Pharmacy,Pune,1530,2508.07,5
TX02032,C0055,2026-06-18 20:57:00,581.68,BANK_TRANSFER,Utilities,Delhi,3586,540.49,6
TX01469,C0183,2026-06-18 21:10:00,11461.37,UPI,Electronics,Bengaluru,2562,3015.84,6
TX00370,C0374,2026-06-18 22:07:00,1112.95,CARD,Travel,Chandigarh,190,1273.23,9
TX01095,C0118,2026-06-18 22:54:00,633.4,CARD,Online Shopping,Delhi,1210,880.1,9
TX02842,C0256,2026-06-18 23:23:00,241.16,CARD,Electronics,Bengaluru,671,1344.76,6
TX02234,C0306,2026-06-18 23:58:00,539.19,CARD,Restaurant,Mumbai,3249,721.67,4
TX00225,C0355,2026-06-19 03:24:00,991.75,BANK_TRANSFER,Utilities,Hyderabad,1473,1643.86,6
TX02064,C0353,2026-06-19 03:42:00,644.28,CARD,Electronics,Bengaluru,616,961.77,7
TX01971,C0174,2026-06-19 03:46:00,1887.53,UPI,Grocery,Hyderabad,1514,3698.9,3
TX02926,C0444,2026-06-19 07:43:00,1180.26,CARD,Online Shopping,Hyderabad,3005,1403.58,8
TX01385,C0101,2026-06-19 08:04:00,326.69,ATM,Grocery,Bengaluru,3372,1325.08,9
TX02218,C0325,2026-06-19 09:48:00,6808.45,UPI,Restaurant,Bengaluru,292,3004.18,4
TX02335,C0339,2026-03-12 14:54:00,4182.92,BANK_TRANSFER,Online Shopping,Pune,3092,3818.22,5
TX01620,C0329,2026-06-19 12:45:00,856.4,CARD,Utilities,Pune,653,787.22,4
TX01718,C0158,2026-06-19 12:48:00,1810.7,CARD,Utilities,Chandigarh,990,1397.72,9
TX00195,C0420,2026-06-19 13:02:00,728.57,BANK_TRANSFER,Pharmacy,Jaipur,46,1830.31,8
TX00366,C0317,2026-06-19 14:24:00,3971.41,ATM,Utilities,Jaipur,670,1973.0,4
TX02476,C0375,2026-06-19 19:06:00,1574.14,BANK_TRANSFER,Online Shopping,Dehradun,1633,1076.41,5
TX02607,C0102,2026-06-19 19:30:00,8525.02,ATM,Grocery,Chandigarh,485,3389.17,7
TX02168,C0332,2026-06-19 21:19:00,939.88,BANK_TRANSFER,Travel,Hyderabad,2079,1011.1,4
TX02393,C0432,2026-06-19 23:05:00,1272.5,UPI,Pharmacy,Mumbai,3450,1403.74,6
TX01292,C0342,2026-06-19 23:06:00,1197.5,UPI,Pharmacy,Bengaluru,3200,1396.52,10
TX00986,C0363,2026-06-19 23:33:00,1074.72,UPI,Restaurant,Delhi,128,1397.04,5
TX02822,C0260,2026-06-19 23:44:00,1916.2,ATM,Utilities,Mumbai,1789,1309.68,4
TX00074,C0488,2026-06-20 03:36:00,1347.99,BANK_TRANSFER,Grocery,Chandigarh,2589,2487.2,2
TX02300,C0361,2026-06-05 23:38:00,862.45,UPI,Restaurant,Dehradun,2587,1152.33,8
TX01456,C0014,2026-06-20 07:03:00,1615.99,UPI,Utilities,Mumbai,2165,1497.51,11
TX00667,C0078,2026-06-20 07:32:00,685.0,UPI,Electronics,Mumbai,805,1198.18,7
TX01894,C0206,2026-06-20 08:43:00,306.41,BANK_TRANSFER,Electronics,Pune,1393,776.02,5
TX01322,C0371,2026-06-20 10:47:00,644.11,ATM,Restaurant,Hyderabad,3264,1166.57,10
TX02271,C0311,2026-06-20 11:25:00,812.0,CARD,Utilities,Pune,3006,1063.84,9
TX01534,C0324,2026-06-20 12:24:00,3304.23,CARD,Electronics,Hyderabad,1664,12337.3,7
TX00365,C0173,2026-06-20 15:50:00,395.8,BANK_TRANSFER,Restaurant,Delhi,2969,2082.19,12
TX01205,C0147,2026-06-20 15:51:00,731.9,CARD,Grocery,Delhi,3134,1314.94,8
TX02115,C0008,2026-06-20 19:43:00,1409.35,CARD,Pharmacy,Jaipur,1668,1545.23,9
TX00038,C0424,2026-06-20 22:02:00,267.31,BANK_TRANSFER,Electronics,Hyderabad,2554,1705.12,7
TX02169,C0350,2026-06-20 22:41:00,549.3,BANK_TRANSFER,Utilities,Mumbai,3221,889.42,8
TX00958,C0157,2026-06-20 23:52:00,4513.15,ATM,Online Shopping,Jaipur,1600,1903.19,7
TX00335,C0173,2026-06-21 03:16:00,2408.69,UPI,Utilities,Pune,2969,2082.19,12
TX02690,C0466,2026-06-21 03:21:00,1061.07,UPI,Online Shopping,Hyderabad,814,1073.19,10
TX02794,C0418,2026-06-21 04:16:00,606.49,BANK_TRANSFER,Grocery,Bengaluru,3150,1462.94,6
TX01271,C0215,2026-06-21 05:08:00,636.55,ATM,Restaurant,Bengaluru,2267,1254.13,9
TX00151,C0380,2026-06-21 06:06:00,556.14,ATM,Restaurant,Dehradun,1557,2726.98,6
TX02801,C0253,2026-06-21 06:21:00,1288.71,ATM,Utilities,Jaipur,728,10045.62,6
TX00533,C0407,2026-06-21 10:50:00,2175.59,ATM,Utilities,Chandigarh,2361,1570.4,9
TX02628,C0158,2026-06-21 11:18:00,397.5,ATM,Pharmacy,Bengaluru,990,1397.72,9
TX02907,C0021,2026-06-21 11:35:00,38232.27,BANK_TRANSFER,Electronics,Jaipur,799,11475.99,4
TX00583,C0126,2026-06-21 12:22:00,728.58,CARD,Pharmacy,Bengaluru,1525,841.99,7
TX01075,C0180,2026-06-21 13:54:00,2099.02,BANK_TRANSFER,Utilities,Hyderabad,125,1006.67,6
TX00416,C0220,2026-06-21 15:26:00,1478.09,BANK_TRANSFER,Utilities,Jaipur,2710,1308.32,9
TX02287,C0328,2026-06-21 19:18:00,638.49,UPI,Pharmacy,Delhi,2423,10347.89,9
TX01723,C0258,2026-06-21 19:56:00,950.05,CARD,Electronics,Bengaluru,1619,1767.3,5
TX01193,C0469,2026-06-21 21:17:00,839.89,BANK_TRANSFER,Pharmacy,Bengaluru,275,1473.48,6
TX00338,C0220,2026-06-21 21:57:00,935.69,ATM,Grocery,Hyderabad,2710,1308.32,9
TX01079,C0177,2026-06-22 00:02:00,1455.54,UPI,Restaurant,Mumbai,3342,7710.19,9
TX01478,C0470,2026-06-22 00:12:00,2566.06,CARD,Grocery,Chandigarh,3277,1135.96,4
TX02453,C0159,2026-06-22 01:22:00,1687.35,BANK_TRANSFER,Grocery,Hyderabad,2690,4343.75,5
TX02136,C0231,2026-06-22 02:16:00,966.19,BANK_TRANSFER,Pharmacy,Delhi,3326,869.4,6
TX02244,C0428,2026-06-22 02:33:00,833.65,ATM,Restaurant,Chandigarh,2176,1204.34,8
TX00182,C0458,2026-03-01 07:09:00,775.43,UPI,Grocery,Jaipur,655,3060.46,6
TX02082,C0152,2026-06-22 03:50:00,2176.34,UPI,Grocery,Chandigarh,834,2173.29,10
TX01813,C0397,2026-06-22 04:03:00,1016.82,UPI,Utilities,Pune,2307,8524.18,10
TX00174,C0242,2026-06-22 04:10:00,1465.92,BANK_TRANSFER,Restaurant,Bengaluru,1550,1072.68,9
TX01312,C0122,2026-06-22 05:20:00,574.35,BANK_TRANSFER,Grocery,Mumbai,1397,1231.77,8
TX00538,C0066,2026-06-22 05:56:00,1077.8,UPI,Travel,Bengaluru,2071,1096.69,5
TX02361,C0474,2026-06-22 06:41:00,932.43,CARD,Electronics,Delhi,2836,1663.72,8
TX01240,C0081,2026-06-22 06:44:00,725.2,UPI,Online Shopping,Hyderabad,3182,1008.34,4
TX01434,C0335,2026-06-22 08:02:00,437.51,UPI,Restaurant,Jaipur,2331,900.87,7
TX02178,C0313,2026-06-22 12:50:00,551.39,ATM,Restaurant,Mumbai,1693,1185.52,7
TX01757,C0335,2026-06-22 13:15:00,467.44,CARD,Pharmacy,Pune,2331,900.87,7
TX00900,C0495,2026-06-22 14:08:00,572.47,BANK_TRANSFER,Restaurant,Jaipur,1145,1169.3,6
TX02525,C0150,2026-06-22 15:21:00,2314.16,CARD,Electronics,Mumbai,2484,1858.97,6
TX02428,C0027,2026-06-22 16:17:00,806.34,CARD,Utilities,Bengaluru,1245,1889.01,6
TX00600,C0360,2026-06-22 17:52:00,831.82,ATM,Pharmacy,Hyderabad,3213,621.74,7
TX01754,C0319,2026-06-22 20:34:00,1623.58,BANK_TRANSFER,Pharmacy,Mumbai,2550,958.7,8
TX00527,C0251,2026-06-22 22:14:00,592.09,UPI,Pharmacy,Delhi,3029,1332.78,9
TX01370,C0042,2026-06-22 23:05:00,1756.92,CARD,Grocery,Delhi,2777,1178.43,11
TX02153,C0440,2026-06-22 23:53:00,366.63,UPI,Online Shopping,Mumbai,1169,1641.76,8
TX00611,C0061,2026-06-23 02:07:00,703.51,ATM,Restaurant,Dehradun,2465,1754.67,5
TX02272,C0119,2026-06-23 07:25:00,1411.84,ATM,Grocery,Hyderabad,2092,1511.96,7
TX00661,C0056,2026-06-23 09:14:00,765.21,BANK_TRANSFER,Travel,Pune,676,3741.52,4
TX02669,C0142,2026-06-23 11:59:00,1289.29,ATM,Restaurant,Bengaluru,2212,855.31,4
TX00516,C0118,2026-06-23 15:23:00,923.14,ATM,Pharmacy,Bengaluru,1210,880.1,9
TX01910,C0072,2026-06-23 16:55:00,309.11,ATM,Travel,Delhi,2169,1789.88,6
TX01529,C0429,2026-06-23 17:28:00,495.1,ATM,Online Shopping,Dehradun,1798,2087.21,3
TX02325,C0494,2026-06-23 19:02:00,1405.02,ATM,Pharmacy,Delhi,1196,1584.52,7
TX02580,C0487,2026-06-23 19:09:00,867.66,BANK_TRANSFER,Online Shopping,Pune,2398,1084.23,4
TX02122,C0014,2026-06-23 19:47:00,536.0,UPI,Travel,Delhi,2165,1497.51,11
TX01487,C0382,2026-06-23 21:27:00,1716.52,CARD,Pharmacy,Delhi,1445,2240.04,6
TX01968,C0166,2026-06-24 00:03:00,1734.71,UPI,Grocery,Jaipur,427,1412.29,6
TX02870,C0213,2026-06-24 01:44:00,696.18,UPI,Travel,Hyderabad,1526,1585.86,6
TX00046,C0147,2026-06-24 02:11:00,651.13,BANK_TRANSFER,Online Shopping,Hyderabad,3134,1314.94,8
TX01831,C0337,2026-06-24 02:30:00,895.66,CARD,Electronics,Bengaluru,3138,968.33,6
TX00315,C0327,2026-06-24 04:08:00,1753.48,ATM,Utilities,Delhi,2221,1189.63,2
TX01088,C0049,2026-06-24 04:21:00,385.75,CARD,Electronics,Delhi,592,1611.68,6
TX00595,C0459,2026-06-24 04:38:00,1578.59,BANK_TRANSFER,Online Shopping,Jaipur,3389,1869.6,13
TX00706,C0212,2026-06-24 06:10:00,1961.57,CARD,Travel,Mumbai,3449,1160.43,3
TX00481,C0133,2026-06-24 11:29:00,711.42,BANK_TRANSFER,Electronics,Delhi,448,1738.44,11
TX02880,C0164,2026-06-24 14:20:00,543.61,ATM,Electronics,Pune,532,1496.1,10
TX01595,C0215,2026-06-24 16:04:00,806.39,ATM,Grocery,Delhi,2267,1254.13,9
TX00509,C0095,2026-06-24 16:06:00,663.41,CARD,Pharmacy,Jaipur,191,664.87,8
TX00775,C0369,2026-06-24 16:16:00,1582.83,UPI,Electronics,Dehradun,367,2083.23,7
TX00003,C0153,2026-06-24 18:17:00,2849.82,CARD,Grocery,Bengaluru,2176,1566.98,7
TX02025,C0012,2026-06-24 19:02:00,953.14,BANK_TRANSFER,Electronics,Dehradun,360,1693.95,15
TX01675,C0040,2026-06-24 19:21:00,389.97,ATM,Electronics,Chandigarh,2077,1108.32,8
TX01795,C0395,2026-06-24 21:18:00,608.64,UPI,Travel,Mumbai,1723,1404.29,5
TX02990,C0480,2026-06-24 21:32:00,5714.78,UPI,Restaurant,Mumbai,554,4532.22,2
TX02422,C0381,2026-06-24 23:00:00,1783.78,ATM,Travel,Bengaluru,1949,1054.04,8
TX01208,C0403,2026-06-25 00:01:00,737.39,ATM,Grocery,Pune,2104,1431.04,5
TX00378,C0020,2026-06-25 00:59:00,1196.01,CARD,Restaurant,Bengaluru,3410,876.09,7
TX01631,C0029,2026-06-25 03:43:00,527.82,CARD,Utilities,Jaipur,2354,1300.64,8
TX01531,C0376,2026-06-25 08:10:00,1142.54,BANK_TRANSFER,Utilities,Bengaluru,2878,1700.21,8
TX01840,C0357,2026-06-25 10:04:00,493.47,ATM,Electronics,Mumbai,133,672.17,5
TX00248,C0206,2026-06-25 13:23:00,399.51,ATM,Utilities,Chandigarh,1393,776.02,5
TX01903,C0432,2026-06-25 14:11:00,1911.48,CARD,Restaurant,Chandigarh,3450,1403.74,6
TX02549,C0374,2026-06-25 14:12:00,347.38,UPI,Online Shopping,Hyderabad,190,1273.23,9
TX02702,C0012,2026-06-25 15:05:00,321.31,UPI,Utilities,Dehradun,360,1693.95,15
TX02267,C0086,2026-06-25 16:09:00,693.62,BANK_TRANSFER,Restaurant,Dehradun,1051,1276.73,7
TX02574,C0073,2026-06-25 16:35:00,3698.81,CARD,Online Shopping,Mumbai,1420,1403.31,8
TX01612,C0160,2026-06-25 18:21:00,792.97,ATM,Utilities,Bengaluru,1515,1445.65,10
TX00133,C0325,2026-06-25 18:48:00,2795.72,ATM,Utilities,Pune,292,3004.18,4
TX01089,C0455,2026-06-25 18:54:00,95921.5,BANK_TRANSFER,Pharmacy,Jaipur,1376,11810.65,9
TX02640,C0030,2026-06-25 19:37:00,840.5,UPI,Restaurant,Jaipur,1214,2041.44,2
TX02961,C0152,2026-06-26 00:46:00,1113.89,CARD,Grocery,Delhi,834,2173.29,10
TX02860,C0079,2026-06-26 00:53:00,1507.28,UPI,Pharmacy,Jaipur,64,1323.61,5
TX01350,C0227,2026-06-26 01:17:00,1659.57,BANK_TRANSFER,Utilities,Hyderabad,1509,8868.64,10
TX00362,C0044,2026-06-26 03:24:00,373.39,ATM,Travel,Dehradun,1836,1378.4,4
TX02375,C0304,2026-06-26 03:55:00,2750.5,ATM,Online Shopping,Jaipur,1564,1235.98,4
TX01851,C0422,2026-06-26 04:56:00,2132.46,ATM,Online Shopping,Dehradun,1273,2112.55,11
TX02568,C0036,2026-06-26 05:21:00,2641.55,CARD,Electronics,Chandigarh,2934,2142.3,7
TX01793,C0007,2026-06-26 07:15:00,1529.76,CARD,Electronics,Pune,3122,1370.33,9
TX01105,C0141,2026-06-26 07:42:00,158.28,BANK_TRANSFER,Utilities,Dehradun,3129,1677.43,9
TX01017,C0462,2026-06-26 08:19:00,2109.28,BANK_TRANSFER,Electronics,Delhi,3039,1988.46,6
TX01777,C0022,2026-06-26 08:56:00,1272.7,UPI,Pharmacy,Bengaluru,2421,666.03,4
TX02806,C0471,2026-06-26 09:18:00,874.98,UPI,Utilities,Chandigarh,3140,1221.85,10
TX02182,C0284,2026-06-26 10:34:00,1670.1,CARD,Online Shopping,Bengaluru,3059,2002.12,4
TX01119,C0286,2026-06-26 12:05:00,716.9,ATM,Online Shopping,Chandigarh,3612,792.68,7
TX02248,C0384,2026-06-26 12:09:00,697.44,ATM,Restaurant,Jaipur,1248,1103.38,3
TX02194,C0312,2026-06-26 12:17:00,6829.05,UPI,Pharmacy,Bengaluru,1989,2241.79,7
TX02087,C0105,2026-06-26 12:27:00,1068.77,ATM,Restaurant,Pune,1046,1016.18,5
TX02964,C0148,2026-06-26 13:06:00,715.44,CARD,Online Shopping,Chandigarh,3149,799.78,7
TX02889,C0256,2026-06-26 13:22:00,1620.99,ATM,Grocery,Mumbai,671,1344.76,6
TX00584,C0235,2026-06-26 14:51:00,1047.55,UPI,Restaurant,Hyderabad,2028,853.66,4
TX01358,C0201,2026-06-26 16:06:00,1664.16,UPI,Electronics,Jaipur,3090,13970.79,4
TX01586,C0425,2026-06-26 17:29:00,1765.25,UPI,Online Shopping,Jaipur,1099,1134.93,8
TX01993,C0370,2026-06-26 17:47:00,1177.48,BANK_TRANSFER,Restaurant,Pune,2899,880.35,5
TX01398,C0080,2026-06-26 17:55:00,1813.69,CARD,Restaurant,Mumbai,2283,986.35,5
TX02736,C0450,2026-06-26 20:35:00,989.13,CARD,Utilities,Delhi,2095,8258.79,12
TX00561,C0335,2026-06-26 21:18:00,2049.23,BANK_TRANSFER,Travel,Bengaluru,2331,900.87,7
TX00269,C0109,2026-06-27 03:02:00,647.65,BANK_TRANSFER,Online Shopping,Dehradun,908,1198.89,5
TX01500,C0096,2026-06-27 03:33:00,2697.06,BANK_TRANSFER,Electronics,Mumbai,231,1185.61,7
TX02986,C0320,2026-06-27 04:09:00,305.83,UPI,Restaurant,Mumbai,1999,1236.38,8
TX01393,C0311,2026-06-27 04:49:00,472.2,ATM,Travel,Jaipur,3006,1063.84,9
TX01453,C0490,2026-06-27 06:39:00,385.38,BANK_TRANSFER,Electronics,Mumbai,2731,2000.75,5
TX02099,C0426,2026-06-27 09:25:00,617.56,BANK_TRANSFER,Online Shopping,Bengaluru,3474,1054.76,4
TX01181,C0096,2026-06-27 09:54:00,681.62,UPI,Online Shopping,Delhi,231,1185.61,7
TX02130,C0041,2026-06-27 11:21:00,586.57,CARD,Grocery,Jaipur,3577,1063.19,5
TX01515,C0440,2026-06-27 13:35:00,1785.67,UPI,Restaurant,Delhi,1169,1641.76,8
TX02887,C0405,2026-06-27 13:46:00,2336.81,UPI,Pharmacy,Delhi,3378,1302.6,8
TX01861,C0274,2026-06-27 18:45:00,1257.24,CARD,Travel,Delhi,3540,789.25,4
TX02884,C0188,2026-06-27 19:21:00,323.56,UPI,Electronics,Jaipur,3272,1295.75,7
TX01734,C0113,2026-06-27 20:46:00,502.78,BANK_TRANSFER,Electronics,Delhi,793,2407.68,6
TX01201,C0263,2026-06-27 21:55:00,31175.22,UPI,Restaurant,Chandigarh,3504,7253.01,5
TX00113,C0100,2026-06-27 22:38:00,1079.49,BANK_TRANSFER,Utilities,Hyderabad,845,776.96,5
TX00903,C0309,2026-06-28 00:49:00,686.89,ATM,Electronics,Delhi,1873,883.63,5
TX01094,C0148,2026-06-28 02:21:00,1033.1,ATM,Electronics,Hyderabad,3149,799.78,7
TX00664,C0474,2026-06-28 04:33:00,5857.01,CARD,Electronics,Chandigarh,2836,1663.72,8
TX01516,C0236,2026-06-28 05:14:00,1655.89,CARD,Electronics,Chandigarh,3475,1333.69,7
TX01254,C0009,2026-06-28 05:50:00,2080.64,UPI,Restaurant,Hyderabad,2199,1370.34,7
TX01217,C0404,2026-06-28 06:52:00,1106.05,CARD,Utilities,Chandigarh,255,1373.04,5
TX02922,C0097,2026-06-28 06:52:00,1374.28,UPI,Travel,Dehradun,2011,1564.5,4
TX00718,C0034,2026-06-28 07:21:00,598.35,UPI,Travel,Mumbai,2330,1864.9,7
TX02787,C0060,2026-06-28 08:24:00,1394.22,UPI,Travel,Pune,1327,1354.0,7
TX02637,C0468,2026-06-28 10:07:00,1303.4,CARD,Online Shopping,Dehradun,3494,943.62,4
TX00882,C0402,2026-06-28 10:41:00,2337.85,UPI,Online Shopping,Delhi,3384,1417.77,5
TX00603,C0281,2026-06-28 14:03:00,2426.46,CARD,Restaurant,Bengaluru,2357,3804.7,5
TX02564,C0288,2026-06-28 15:40:00,1724.93,CARD,Pharmacy,Bengaluru,2221,1260.21,11
TX02211,C0001,2026-06-28 16:54:00,3872.12,ATM,Pharmacy,Hyderabad,3204,1526.54,11
TX00306,C0422,2026-06-28 22:29:00,4300.44,UPI,Travel,Delhi,1273,2112.55,11
TX00973,C0069,2026-06-29 00:00:00,665.42,CARD,Electronics,Bengaluru,2642,958.6,10
TX01897,C0382,2026-06-29 04:25:00,4909.87,ATM,Electronics,Dehradun,1445,2240.04,6
TX01426,C0401,2026-06-29 07:49:00,824.81,BANK_TRANSFER,Pharmacy,Hyderabad,1829,833.86,8
TX02351,C0316,2026-06-29 08:20:00,1846.02,BANK_TRANSFER,Grocery,Bengaluru,2949,1300.8,10
TX02829,C0308,2026-06-29 11:36:00,862.48,ATM,Online Shopping,Chandigarh,1764,1067.63,6
TX02556,C0280,2026-06-29 12:05:00,2756.35,UPI,Restaurant,Hyderabad,323,3181.88,4
TX02466,C0263,2026-06-29 14:36:00,1677.36,UPI,Electronics,Delhi,3504,7253.01,5
TX00756,C0137,2026-06-29 16:44:00,354.3,BANK_TRANSFER,Grocery,Dehradun,3591,731.09,5
TX02128,C0422,2026-06-29 16:49:00,1785.7,CARD,Electronics,Hyderabad,1273,2112.55,11
TX02067,C0305,2026-06-29 19:30:00,1003.43,ATM,Pharmacy,Hyderabad,176,2156.1,10
TX01042,C0457,2026-06-29 21:46:00,777.94,UPI,Online Shopping,Chandigarh,2763,787.98,7
TX02521,C0161,2026-06-29 23:29:00,118.61,ATM,Travel,Dehradun,2720,1554.39,9
